# Model,f
2,-11147.919796
3,-10759.410917
4,-10474.684114
5,-10302.056371
6,-10348.391471
7,-10143.501030
8,-10470.422073
9,-10524.242332
10,-10914.959121
