# Model,f
2,-8383.500440
3,-8315.041609
4,-8172.812516
5,-8308.946677
6,-8519.371478
7,-8758.705887
8,-8954.666971
9,-9147.882404
10,-9255.632053
