# Model,f
2,-9737.705526
3,-9556.377580
4,-9300.404859
5,-9456.836529
6,-9742.673866
7,-9855.416453
8,-10178.874017
9,-10319.382618
10,-10609.289368
