# Model,f
2,-11964.361042
3,-11676.781117
4,-11392.875096
5,-11118.040334
6,-10732.961272
7,-10597.796930
8,-10662.567976
9,-11076.588898
10,-11498.263099
