# Model,f
2,-12406.257193
3,-11490.230264
4,-10769.587681
5,-10117.319914
6,-9678.403502
7,-9349.932825
8,-9051.515792
9,-9089.902658
10,-9254.145667
