# Model,f
2,-11674.706764
3,-11247.960808
4,-10813.188696
5,-10505.469557
6,-10244.006060
7,-9912.406986
8,-10025.899127
9,-9958.963039
10,-10308.361382
