# Model,f
2,-9073.628544
3,-8891.830733
4,-9050.397163
5,-9272.391054
6,-9633.067778
7,-9863.738103
8,-10005.474313
9,-10247.304762
10,-10384.710251
