# Model,f
2,-8991.469701
3,-8734.421843
4,-8873.844202
5,-9080.200013
6,-9282.591009
7,-9598.714577
8,-9725.856663
9,-9906.745191
10,-10092.772856
