# Model,f
2,-12437.674007
3,-11909.745285
4,-11546.621800
5,-11403.634661
6,-11072.456303
7,-10863.924534
8,-10762.691908
9,-10843.774840
10,-11326.880654
