# Model,f
2,-9080.921213
3,-8898.037638
4,-9050.721227
5,-9268.040417
6,-9499.319015
7,-9847.494694
8,-10050.551231
9,-10153.935595
10,-10367.851124
