# Model,f
2,-8316.044308
3,-8065.594450
4,-8122.714066
5,-8327.588406
6,-8545.404078
7,-8668.809495
8,-8883.190162
9,-9017.902681
10,-9105.091976
