# Model,f
2,-10140.551808
3,-9247.688129
4,-8610.606170
5,-8552.566172
6,-8581.835704
7,-8755.684860
8,-8887.136444
9,-9058.410934
10,-9224.589762
