# Model,f
2,-12938.463669
3,-12441.999025
4,-11852.683558
5,-11259.294779
6,-10643.957962
7,-10360.849306
8,-10232.729785
9,-10031.592057
10,-10422.291382
