# Model,f
2,-10869.662758
3,-9781.296016
4,-8784.131714
5,-8473.890780
6,-8108.459727
7,-8062.795475
8,-8136.642973
9,-8357.210540
10,-8480.393455
