# Model,f
2,-8383.353074
3,-8313.763460
4,-8199.626537
5,-8325.922378
6,-8489.397064
7,-8825.462716
8,-8933.706011
9,-9096.037647
10,-9310.630566
