# Model,f
2,-9476.577202
3,-9297.835652
4,-9100.174799
5,-9246.557421
6,-9469.001143
7,-9751.598910
8,-9782.040832
9,-10164.058107
10,-10275.373755
