# Model,f
2,-12092.850979
3,-11782.465042
4,-11427.110250
5,-11068.683436
6,-10696.768364
7,-10333.582887
8,-10229.761982
9,-10540.729061
10,-10677.509644
