# Model,f
2,-10576.493819
3,-10334.266184
4,-9993.468215
5,-9760.891649
6,-9899.758622
7,-10162.694383
8,-10390.350199
9,-10862.735721
10,-11085.970441
