# Model,f
2,-11369.564871
3,-11213.684176
4,-10902.255088
5,-10412.623418
6,-10188.941131
7,-10525.124520
8,-10659.026366
9,-11010.636771
10,-11141.077182
