# Model,f
2,-9069.747256
3,-8902.867278
4,-9039.246910
5,-9282.171314
6,-9518.405976
7,-9875.186536
8,-10044.651193
9,-10228.973937
10,-10279.986402
