# Model,f
2,-9051.620012
3,-8927.419040
4,-9137.778614
5,-9452.789986
6,-9651.686854
7,-9928.724120
8,-10227.776335
9,-10357.686091
10,-10610.375978
