# Model,f
2,-11589.707964
3,-10587.310893
4,-9893.192485
5,-9170.636769
6,-9025.580590
7,-8868.361845
8,-8942.495868
9,-9011.882342
10,-9157.111638
