# Model,f
2,-11632.445695
3,-10638.539711
4,-10038.298935
5,-9413.981431
6,-8872.683011
7,-8538.396476
8,-8231.055969
9,-8211.355436
10,-8356.952820
