# Model,f
2,-10412.788927
3,-10018.409666
4,-9609.600458
5,-9452.118474
6,-9640.157641
7,-9953.099559
8,-9961.521439
9,-10269.315906
10,-10481.667244
