# Model,f
2,-8963.721909
3,-8841.443729
4,-8948.909590
5,-9169.501155
6,-9394.301270
7,-9547.931539
8,-9841.775624
9,-9867.647095
10,-10174.944306
