# Model,f
2,-9069.104543
3,-8891.565924
4,-9056.792976
5,-9279.324410
6,-9498.099657
7,-9697.524765
8,-10015.453866
9,-10220.693896
10,-10277.645263
