# Model,f
2,-9069.594707
3,-8903.677547
4,-9057.473926
5,-9351.683027
6,-9531.106800
7,-9731.194828
8,-10019.608109
9,-10180.236857
10,-10391.258098
