# Model,f
2,-7278.243825
3,-7241.950241
4,-7353.787971
5,-7563.667699
6,-7788.329764
7,-7970.892242
8,-8103.906481
9,-8280.903783
10,-8406.243355
