# Model,f
2,-12600.533877
3,-12283.461836
4,-11932.471321
5,-11619.563235
6,-11247.285622
7,-10915.035374
8,-10899.113500
9,-10888.397363
10,-11024.855997
