# Model,f
2,-12251.643732
3,-11665.580045
4,-11007.429425
5,-10626.981892
6,-10446.887390
7,-10294.529048
8,-10262.863099
9,-10304.424349
10,-10498.488121
