# Model,f
2,-12313.791745
3,-11890.036918
4,-11670.500587
5,-11456.893608
6,-11216.851341
7,-11164.859000
8,-10773.430117
9,-10969.999571
10,-11476.816307
