# Model,f
2,-9330.975194
3,-9074.887591
4,-8761.201401
5,-8651.406568
6,-8753.929873
7,-8952.843707
8,-9111.294695
9,-9261.993535
10,-9332.793065
