# Model,f
2,-10707.226265
3,-10311.874289
4,-10056.441211
5,-9891.296378
6,-10037.818207
7,-10282.979468
8,-10491.425243
9,-10664.320203
10,-10707.778539
