# Model,f
2,-11591.647640
3,-11057.804940
4,-10737.049054
5,-10330.457578
6,-10142.161219
7,-9781.241294
8,-9926.787093
9,-10552.255164
10,-10437.821992
