# Model,f
2,-8655.410440
3,-8526.446378
4,-8639.902854
5,-8829.381618
6,-9081.985336
7,-9232.206162
8,-9428.545884
9,-9604.931365
10,-9728.914796
