# Model,f
2,-9071.592306
3,-8907.468536
4,-9058.376131
5,-9270.538792
6,-9510.924117
7,-9707.739466
8,-9923.213082
9,-10148.292958
10,-10341.305641
