# Model,f
2,-9072.383525
3,-8894.503928
4,-9039.991665
5,-9273.092198
6,-9525.666352
7,-9671.574060
8,-10089.625809
9,-10066.895779
10,-10403.533427
