# Model,f
2,-9150.684288
3,-8987.269533
4,-9180.551938
5,-9483.388513
6,-9731.895533
7,-10000.306755
8,-10260.698799
9,-10399.889594
10,-10596.030017
