# Model,f
2,-10730.784319
3,-9952.768547
4,-9756.943057
5,-9574.755011
6,-9512.902709
7,-9705.830973
8,-9893.011867
9,-10101.581804
10,-10261.524694
