# Model,f
2,-12913.799114
3,-12408.768651
4,-12127.546120
5,-11852.620904
6,-11509.562467
7,-11210.770439
8,-10979.192301
9,-10675.791585
10,-11053.150274
