# Model,f
2,-9071.071412
3,-8891.615683
4,-9036.697465
5,-9271.553844
6,-9516.697853
7,-9744.735729
8,-10030.440482
9,-10185.537043
10,-10381.102229
