# Model,f
2,-8532.903359
3,-8439.725860
4,-8565.972433
5,-8755.422072
6,-8999.037462
7,-9199.511624
8,-9336.169352
9,-9513.317784
10,-9682.451794
