# Model,f
2,-10525.419854
3,-10351.725429
4,-9958.435053
5,-9788.429582
6,-9930.664979
7,-10146.725802
8,-10425.971468
9,-10689.654907
10,-11006.115408
