# Model,f
2,-11598.709635
3,-10594.269787
4,-9642.181313
5,-9280.557488
6,-8831.114153
7,-8522.690069
8,-8490.220522
9,-8339.977023
10,-8348.460057
