# Model,f
2,-8381.173922
3,-8294.381001
4,-8424.026899
5,-8631.822718
6,-8866.495304
7,-9075.093464
8,-9252.933346
9,-9360.367581
10,-9478.413773
