# Model,f
2,-9069.750241
3,-8898.893897
4,-9096.378249
5,-9291.443839
6,-9507.777027
7,-9713.164963
8,-10003.235897
9,-10186.630197
10,-10357.236916
