# Model,f
2,-8382.626504
3,-8312.054821
4,-8303.451023
5,-8444.471471
6,-8504.510088
7,-8666.453415
8,-9027.563566
9,-9123.089055
10,-9268.497261
