# Model,f
2,-8364.819377
3,-7208.433656
4,-7113.306734
5,-7205.281512
6,-7372.611822
7,-7521.677242
8,-7695.454181
9,-7856.717675
10,-7927.864535
