# Model,f
2,-9791.243079
3,-9071.361932
4,-8761.855559
5,-8561.992520
6,-8657.930521
7,-8809.517487
8,-8943.225675
9,-9123.034799
10,-9241.307878
