# Model,f
2,-9776.867736
3,-9135.711935
4,-8924.986308
5,-8756.424568
6,-8885.587507
7,-9158.827417
8,-9191.559886
9,-9502.514728
10,-9723.476103
