# Model,f
2,-12899.007686
3,-12504.245996
4,-12115.150242
5,-11571.166360
6,-10944.146303
7,-10353.727228
8,-10090.751000
9,-10162.088282
10,-10197.501876
