# Model,f
2,-10840.784671
3,-10218.410914
4,-9807.347017
5,-9256.547324
6,-9074.288679
7,-9032.934866
8,-9126.058883
9,-9264.867733
10,-9505.928091
