# Model,f
2,-12938.234518
3,-12734.349954
4,-12434.888347
5,-12111.201118
6,-11723.137351
7,-11570.128665
8,-11379.011464
9,-11581.557095
10,-11723.514958
