# Model,f
2,-12567.004261
3,-12166.306502
4,-11630.843848
5,-11043.891380
6,-10579.307450
7,-10304.420943
8,-10064.451967
9,-10150.877271
10,-10304.002977
