# Model,f
2,-12890.312204
3,-12452.227653
4,-12008.678609
5,-11516.500455
6,-11195.493588
7,-11005.987355
8,-10618.856431
9,-10411.103613
10,-10699.226981
