# Model,f
2,-12658.132596
3,-12323.589894
4,-11946.918947
5,-11646.938763
6,-11214.668492
7,-11016.977710
8,-10805.415236
9,-10345.721848
10,-10739.177095
