# Model,f
2,-10185.857391
3,-9417.893376
4,-9100.180613
5,-8943.535992
6,-8947.280830
7,-9025.468519
8,-9153.081175
9,-9223.421944
10,-9401.830595
