# Model,f
2,-10846.263710
3,-10450.077391
4,-10054.567958
5,-9743.844358
6,-9533.803424
7,-9480.720308
8,-9753.633378
9,-9889.736542
10,-9992.627365
