# Model,f
2,-11622.446220
3,-10590.806660
4,-10306.704851
5,-9950.096250
6,-9763.632852
7,-9478.962049
8,-9570.240382
9,-9770.288135
10,-9847.108056
