# Model,f
2,-9076.150121
3,-8892.021822
4,-9050.505489
5,-9261.181907
6,-9507.683893
7,-9857.206131
8,-10032.422900
9,-10217.041208
10,-10412.606956
