# Model,f
2,-8978.175208
3,-8734.101672
4,-8866.488482
5,-9084.969985
6,-9293.209179
7,-9471.969334
8,-9687.082115
9,-10009.384714
10,-10151.586087
