# Model,f
2,-11200.101538
3,-10988.924114
4,-10594.997828
5,-10308.218739
6,-10078.486623
7,-10030.454220
8,-10027.722713
9,-10277.622544
10,-10443.147424
