# Model,f
2,-12133.295428
3,-11377.395507
4,-10897.524018
5,-10316.062489
6,-9628.686396
7,-9425.744084
8,-9043.477397
9,-8884.036656
10,-8974.734412
