# Model,f
2,-11709.736506
3,-11485.055224
4,-11213.827071
5,-10834.503673
6,-10368.660680
7,-10167.350051
8,-10360.628341
9,-10745.500168
10,-10620.465604
