# Model,f
2,-8387.052893
3,-8294.805002
4,-8162.607167
5,-8322.438751
6,-8485.263068
7,-8751.866673
8,-8911.892516
9,-9034.437347
10,-9098.773196
