# Model,f
2,-9706.078849
3,-9487.701055
4,-9307.875391
5,-9562.815429
6,-9794.054130
7,-9941.418973
8,-10235.316292
9,-10411.716587
10,-10593.161790
