# Model,f
2,-8382.197941
3,-8343.279864
4,-8163.963776
5,-8285.365895
6,-8486.013929
7,-8754.123368
8,-8985.753640
9,-9104.676517
10,-9239.423268
