# Model,f
2,-9264.751722
3,-8598.460928
4,-8469.287832
5,-8578.630989
6,-8839.301362
7,-9025.176964
8,-9100.205102
9,-9230.673935
10,-9500.769346
