# Model,f
2,-12589.820221
3,-12339.206623
4,-12206.551025
5,-11824.692145
6,-11565.143239
7,-11405.542810
8,-11525.859132
9,-11328.564811
10,-11965.715316
