# Model,f
2,-11820.230597
3,-11573.716422
4,-11321.746071
5,-10946.373420
6,-10791.533141
7,-10643.331630
8,-11016.767380
9,-10958.405208
10,-11124.785596
