# Model,f
2,-9195.825113
3,-9077.253270
4,-9258.213072
5,-9486.566060
6,-9776.636793
7,-9971.139565
8,-10117.801095
9,-10406.979682
10,-10552.736011
