# Model,f
2,-9069.613595
3,-8893.400540
4,-9071.018902
5,-9283.465662
6,-9510.620398
7,-9815.022786
8,-9956.692060
9,-10132.844607
10,-10348.948138
