# Model,f
2,-10503.677283
3,-9781.164957
4,-9558.176205
5,-9349.623697
6,-9135.272940
7,-9098.322552
8,-9257.685688
9,-9411.279485
10,-9547.847186
