# Model,f
2,-11030.104760
3,-9922.385690
4,-8849.259015
5,-8431.513749
6,-8160.342446
7,-8008.636857
8,-8045.747616
9,-8229.275861
10,-8349.315702
