# Model,f
2,-12254.624071
3,-11980.873658
4,-11630.776929
5,-11213.255779
6,-10887.607266
7,-10674.314181
8,-10729.240124
9,-10566.676558
10,-11050.768696
