# Model,f
2,-10155.650017
3,-9668.473814
4,-9541.718085
5,-9394.989320
6,-9520.907346
7,-9694.873045
8,-10032.116484
9,-10178.397785
10,-10335.340634
