# Model,f
2,-12008.318437
3,-11714.909210
4,-11386.856301
5,-11205.154136
6,-10945.117499
7,-10823.635494
8,-10291.857996
9,-11048.691180
10,-11270.615109
