# Model,f
2,-10285.701756
3,-10016.759684
4,-9612.119326
5,-9303.190525
6,-9412.706211
7,-9739.140243
8,-9750.007941
9,-10039.765053
10,-10079.837635
