# Model,f
2,-8750.734053
3,-8614.329715
4,-8753.222792
5,-9020.155415
6,-9230.281714
7,-9580.488014
8,-9589.956306
9,-9939.918114
10,-10007.076345
