# Model,f
2,-9070.440147
3,-8891.871237
4,-9077.007973
5,-9272.304391
6,-9510.595043
7,-9860.940392
8,-9957.243627
9,-10299.578289
10,-10544.188470
