# Model,f
2,-10917.792919
3,-10332.129677
4,-10074.953014
5,-9907.426284
6,-9795.134909
7,-9892.034781
8,-9988.572526
9,-10240.087377
10,-10542.085304
