# Model,f
2,-9841.402926
3,-9457.961970
4,-9179.983135
5,-9005.693999
6,-9065.952808
7,-9163.852596
8,-9444.740115
9,-9535.986169
10,-9675.543094
