# Model,f
2,-10732.057729
3,-10606.846561
4,-10430.013164
5,-10144.725656
6,-10521.280894
7,-10734.722239
8,-10907.044263
9,-11228.041392
10,-11363.392056
