# Model,f
2,-10409.332232
3,-9825.948836
4,-9486.251859
5,-9290.293794
6,-9385.534927
7,-9525.480579
8,-9713.698928
9,-9948.211481
10,-10039.662541
