# Model,f
2,-9069.869249
3,-8933.870934
4,-9085.810151
5,-9302.738618
6,-9543.177271
7,-9775.448624
8,-9878.179329
9,-10157.632260
10,-10338.562400
