# Model,f
2,-9123.602079
3,-8828.806391
4,-8940.911206
5,-9162.489065
6,-9361.845395
7,-9623.363193
8,-9841.813918
9,-10010.580310
10,-10259.253275
