# Model,f
2,-8283.908461
3,-8223.247252
4,-8253.910118
5,-8327.283676
6,-8557.493042
7,-8727.884797
8,-8958.677939
9,-9121.356988
10,-9224.737961
