# Model,f
2,-8382.444494
3,-8310.539118
4,-8195.786868
5,-8284.192400
6,-8514.874895
7,-8715.238308
8,-8818.347370
9,-9016.887909
10,-9188.456525
