# Model,f
2,-7380.642428
3,-6290.351920
4,-6338.682640
5,-6472.752487
6,-6642.581661
7,-6832.931930
8,-6980.226546
9,-7141.824782
10,-7252.696061
