# Model,f
2,-9069.340074
3,-8891.374241
4,-9048.648732
5,-9271.914555
6,-9538.190664
7,-9709.432089
8,-9999.222364
9,-10089.599403
10,-10333.194343
