# Model,f
2,-12006.836316
3,-11297.015616
4,-10625.880657
5,-9981.505086
6,-9232.106072
7,-9031.885349
8,-8581.018087
9,-8605.719172
10,-8828.062907
