# Model,f
2,-10652.231376
3,-9957.673190
4,-9528.686549
5,-9204.257115
6,-9101.208059
7,-9311.008708
8,-9430.476726
9,-9787.228558
10,-9930.674976
