# Model,f
2,-11014.549190
3,-10888.904145
4,-10606.108365
5,-10363.302564
6,-10189.659582
7,-10289.181829
8,-10684.027439
9,-10916.034578
10,-11239.781498
