# Model,f
2,-10858.304099
3,-10161.283204
4,-9961.542953
5,-9876.185646
6,-9760.617022
7,-9793.103638
8,-10109.420396
9,-10308.137664
10,-10419.947700
