# Model,f
2,-9629.377213
3,-9162.778758
4,-8680.572565
5,-8744.467724
6,-8924.055888
7,-9076.761085
8,-9247.778788
9,-9369.849769
10,-9479.860711
