# Model,f
2,-8382.980218
3,-8303.771662
4,-8171.017801
5,-8355.295250
6,-8551.237997
7,-8787.404459
8,-8957.989249
9,-9027.813883
10,-9265.030628
