# Model,f
2,-12959.941062
3,-12487.567906
4,-12004.023760
5,-11748.281161
6,-11527.965696
7,-11011.678072
8,-10957.061277
9,-11026.583943
10,-10957.085686
