# Model,f
2,-9960.980083
3,-9541.213702
4,-9077.186101
5,-8885.459427
6,-8933.488802
7,-9003.806948
8,-9180.002431
9,-9359.716320
10,-9400.671416
