# Model,f
2,-11739.308463
3,-11355.547938
4,-10960.679575
5,-10457.782750
6,-9964.641524
7,-9537.912560
8,-9483.045544
9,-9325.270313
10,-9580.451570
