# Model,f
2,-12505.125504
3,-11586.488512
4,-11192.041905
5,-10920.430903
6,-10654.641608
7,-10288.583985
8,-10020.294628
9,-9886.091113
10,-9815.695535
