# Model,f
2,-11117.828319
3,-10847.709640
4,-10452.533579
5,-10187.937253
6,-10135.888826
7,-10218.286081
8,-10408.069176
9,-10605.772085
10,-10730.740034
