# Model,f
2,-8921.603805
3,-8699.483489
4,-8843.758948
5,-9055.570749
6,-9273.961099
7,-9467.955208
8,-9695.507142
9,-9854.566003
10,-9998.665692
