# Model,f
2,-9091.430420
3,-9054.434573
4,-9036.998600
5,-9308.977889
6,-9489.621219
7,-9717.702767
8,-10163.923076
9,-10235.744295
10,-10384.588187
