# Model,f
2,-11871.647226
3,-11490.276784
4,-10958.696659
5,-10679.280631
6,-10237.731673
7,-10075.125039
8,-10455.921613
9,-10396.488192
10,-10559.535815
