# Model,f
2,-11840.524290
3,-11441.651014
4,-11057.268000
5,-10721.175221
6,-10362.253353
7,-10359.000056
8,-10460.430224
9,-10566.164937
10,-10738.363800
