# Model,f
2,-13065.930746
3,-12676.736956
4,-12451.589645
5,-12169.282108
6,-11903.463466
7,-11567.255780
8,-11082.653231
9,-11077.542528
10,-11788.622074
