# Model,f
2,-11614.133783
3,-10826.850066
4,-10691.193816
5,-10509.655663
6,-10308.068451
7,-10008.624150
8,-10099.103997
9,-10446.730860
10,-10297.978634
