# Model,f
2,-9429.244917
3,-9192.167821
4,-9005.305172
5,-8933.220211
6,-9078.069272
7,-9283.612441
8,-9501.907466
9,-9667.822157
10,-9767.834120
