# Model,f
2,-8989.826578
3,-8855.359668
4,-9060.191155
5,-9316.041344
6,-9621.959532
7,-9941.381656
8,-10122.093840
9,-10329.562280
10,-10451.307623
