# Model,f
2,-9069.611624
3,-8893.380352
4,-9062.434334
5,-9276.523827
6,-9491.920081
7,-9741.000289
8,-10001.046618
9,-10266.052799
10,-10399.125922
