# Model,f
2,-9068.927905
3,-8931.698706
4,-9081.579355
5,-9340.358382
6,-9486.587082
7,-9728.244029
8,-10088.478081
9,-10127.324699
10,-10356.012953
