# Model,f
2,-8970.486905
3,-8826.406730
4,-9013.126278
5,-9320.621145
6,-9526.055842
7,-9806.164347
8,-10063.844643
9,-10294.772673
10,-10528.295135
