# Model,f
2,-12202.038490
3,-11850.090464
4,-11454.768149
5,-11235.232257
6,-10996.396416
7,-10689.355528
8,-10650.183673
9,-10309.468030
10,-10633.149280
