# Model,f
2,-13274.146315
3,-12961.772028
4,-12762.806789
5,-12554.324488
6,-12350.002682
7,-12173.727136
8,-12007.759814
9,-11574.939675
10,-12131.885582
