# Model,f
2,-12192.117654
3,-11713.559601
4,-11151.125119
5,-10805.314725
6,-10607.000317
7,-10300.974541
8,-10424.983190
9,-10550.358279
10,-10584.358802
