# Model,f
2,-12138.771372
3,-11392.435418
4,-10931.550035
5,-10514.855062
6,-10194.510096
7,-10054.289782
8,-10045.631735
9,-10306.647420
10,-10193.986951
