# Model,f
2,-13186.735247
3,-12961.743358
4,-12693.837361
5,-12420.052578
6,-12139.822454
7,-11732.604137
8,-11310.588281
9,-11741.047573
10,-11540.462625
