# Model,f
2,-12384.896907
3,-11821.891620
4,-11323.895725
5,-10931.699213
6,-10568.284917
7,-10024.066959
8,-9870.821526
9,-9546.856614
10,-9547.703836
