# Model,f
2,-11659.340086
3,-11145.975550
4,-10603.735344
5,-10366.907441
6,-10110.798862
7,-10039.094716
8,-9885.953629
9,-9977.172656
10,-10278.863973
