# Model,f
2,-9201.979858
3,-9098.682127
4,-8974.279241
5,-9111.740558
6,-9365.877288
7,-9597.163475
8,-9732.808187
9,-9958.910645
10,-10035.515964
