# Model,f
2,-8385.225549
3,-8308.972274
4,-8169.432078
5,-8402.454694
6,-8472.320705
7,-8710.379752
8,-8812.026489
9,-9081.867207
10,-9221.684941
