# Model,f
2,-8868.320270
3,-8608.823829
4,-8743.080956
5,-8937.419093
6,-9150.491905
7,-9332.844383
8,-9492.867461
9,-9690.531049
10,-9914.121969
