# Model,f
2,-9071.816328
3,-8896.622656
4,-9039.793646
5,-9263.665595
6,-9518.210034
7,-9824.836898
8,-10105.819500
9,-10110.695021
10,-10592.909980
