# Model,f
2,-12589.899666
3,-12261.539081
4,-11860.479124
5,-11503.514664
6,-11052.162878
7,-10731.132317
8,-10534.433315
9,-10143.603008
10,-10303.093251
