# Model,f
2,-12897.800927
3,-12417.372258
4,-12055.327074
5,-11707.298824
6,-11458.992832
7,-11135.153008
8,-11093.627852
9,-11068.915824
10,-11149.892628
