# Model,f
2,-11030.924692
3,-10760.506366
4,-10461.217774
5,-10163.740503
6,-9982.498639
7,-10112.063853
8,-10357.443275
9,-10750.449963
10,-10993.931667
