# Model,f
2,-10011.846515
3,-9817.444274
4,-9616.854365
5,-9758.402877
6,-9957.343637
7,-10217.733812
8,-10679.202526
9,-10664.957939
10,-11019.186535
