# Model,f
2,-8395.869519
3,-8324.225342
4,-8212.629362
5,-8355.146919
6,-8425.532664
7,-8756.616932
8,-8855.829845
9,-9008.423706
10,-9156.819490
