# Model,f
2,-11825.753912
3,-11678.348821
4,-11499.901461
5,-11236.137934
6,-10877.545062
7,-10630.163492
8,-10590.013578
9,-10720.876017
10,-10844.844568
