# Model,f
2,-8878.071098
3,-8762.508385
4,-8537.061385
5,-8657.129333
6,-8841.031894
7,-9010.828977
8,-9214.434713
9,-9304.430646
10,-9617.512358
