# Model,f
2,-8383.356671
3,-8329.636958
4,-8176.077445
5,-8336.411613
6,-8529.628522
7,-8686.308536
8,-8861.509544
9,-9070.012975
10,-9192.703192
