# Model,f
2,-12496.777437
3,-12066.377609
4,-11629.268475
5,-11047.635878
6,-10524.425826
7,-10371.774334
8,-10395.155397
9,-10464.555063
10,-10798.297894
