# Model,f
2,-8935.403838
3,-8372.475781
4,-8454.137317
5,-8647.534404
6,-8847.897491
7,-9014.907318
8,-9175.370312
9,-9318.761663
10,-9444.301487
