# Model,f
2,-9076.832838
3,-8893.951291
4,-9052.822504
5,-9275.438876
6,-9526.851956
7,-9758.141033
8,-10031.594683
9,-10195.665869
10,-10328.290332
