# Model,f
2,-11378.259959
3,-10913.084152
4,-10320.446124
5,-9839.728946
6,-9636.920457
7,-9676.591890
8,-9746.355351
9,-10029.350390
10,-10109.305266
