# Model,f
2,-8896.325609
3,-8796.534430
4,-8956.229761
5,-9193.317981
6,-9381.219440
7,-9586.638109
8,-9793.781416
9,-10032.886616
10,-10127.468625
