# Model,f
2,-9084.935851
3,-8893.631318
4,-9054.387753
5,-9296.376124
6,-9495.186665
7,-9823.439137
8,-10033.291330
9,-10194.025403
10,-10371.792350
