# Model,f
2,-11291.497675
3,-10568.522367
4,-9754.352118
5,-9564.999172
6,-9468.125538
7,-9351.564455
8,-9422.562047
9,-9569.691550
10,-9838.156129
