# Model,f
2,-13027.966114
3,-12572.667401
4,-11999.358101
5,-11341.922581
6,-10654.654494
7,-10328.422954
8,-9908.423019
9,-9939.621780
10,-9945.561674
