# Model,f
2,-12905.272965
3,-12369.689920
4,-11978.202801
5,-11637.406461
6,-11331.167876
7,-11068.347499
8,-10947.667416
9,-10773.452712
10,-10927.545216
