# Model,f
2,-10470.824520
3,-10234.596334
4,-9918.422102
5,-9788.560276
6,-9890.223127
7,-10143.136513
8,-10365.020446
9,-10499.622579
10,-10631.979373
