# Model,f
2,-11445.937901
3,-11257.295205
4,-11017.615933
5,-10724.865458
6,-10401.614512
7,-10684.160699
8,-10955.072756
9,-11124.433026
10,-11553.459233
