# Model,f
2,-11237.841314
3,-10951.076695
4,-10722.994741
5,-10563.418585
6,-10341.513576
7,-10446.912377
8,-10796.269750
9,-11137.014238
10,-11158.579639
