# Model,f
2,-11659.323673
3,-10912.195537
4,-10432.089904
5,-9880.439924
6,-9674.663399
7,-9456.714044
8,-9511.954567
9,-9403.459905
10,-9670.268235
