# Model,f
2,-10031.874764
3,-9076.828957
4,-8729.854804
5,-8607.964810
6,-8739.295656
7,-8805.072328
8,-8952.800912
9,-9181.249589
10,-9281.442075
