# Model,f
2,-12643.285492
3,-12302.965395
4,-11798.567144
5,-11290.661316
6,-10623.970179
7,-10414.077156
8,-10150.010883
9,-10224.690033
10,-10002.698355
