# Model,f
2,-8382.457821
3,-8329.161786
4,-8173.515198
5,-8282.316227
6,-8487.862084
7,-8770.564767
8,-8947.469955
9,-9059.145114
10,-9255.616001
