# Model,f
2,-9304.193434
3,-8827.114129
4,-8794.934113
5,-8879.347925
6,-9065.160891
7,-9279.349349
8,-9394.832057
9,-9610.182007
10,-9757.424973
