# Model,f
2,-12463.412967
3,-12147.425498
4,-11784.719950
5,-11413.041888
6,-11091.729237
7,-10828.911544
8,-10875.255165
9,-11296.798171
10,-11396.638589
