# Model,f
2,-11428.514979
3,-10744.276031
4,-10497.730918
5,-10205.585360
6,-9945.864160
7,-9526.161498
8,-9686.104152
9,-9583.287606
10,-9849.634793
