# Model,f
2,-11603.796428
3,-11220.194479
4,-10926.690820
5,-10679.538766
6,-10347.572084
7,-10109.562273
8,-9899.765075
9,-9925.572254
10,-10506.955791
