# Model,f
2,-9738.712699
3,-9612.875523
4,-9422.318493
5,-9565.656171
6,-9765.794480
7,-9968.029197
8,-10260.513328
9,-10411.064621
10,-10500.915870
