# Model,f
2,-8383.873107
3,-8297.790944
4,-8210.021658
5,-8382.718166
6,-8536.889541
7,-8799.462596
8,-8890.939910
9,-9084.161994
10,-9251.589996
