# Model,f
2,-11551.337154
3,-10813.062723
4,-10013.495241
5,-9162.414811
6,-8988.790157
7,-8873.715880
8,-8928.717556
9,-9003.596274
10,-9091.744131
