# Model,f
2,-10488.448220
3,-10153.258617
4,-9899.652051
5,-9670.830045
6,-9680.016818
7,-9719.414531
8,-10034.582477
9,-10220.245628
10,-10459.471560
