# Model,f
2,-10966.723546
3,-10325.575820
4,-9659.553291
5,-8885.273052
6,-8565.043400
7,-8505.147962
8,-8588.916163
9,-8690.724935
10,-8787.742250
