# Model,f
2,-10830.411803
3,-10196.018482
4,-9693.512039
5,-9252.160884
6,-8930.359900
7,-9013.828433
8,-9173.620718
9,-9292.091783
10,-9550.996685
