# Model,f
2,-11530.659124
3,-11310.741009
4,-11133.696678
5,-10880.901588
6,-10835.271551
7,-10914.150275
8,-11495.883643
9,-11567.947557
10,-11835.621411
