# Model,f
2,-8389.067132
3,-8075.046208
4,-8156.964743
5,-8344.320727
6,-8538.216092
7,-8688.808079
8,-8856.511851
9,-8991.613896
10,-9122.680081
