# Model,f
2,-9069.879989
3,-8891.496060
4,-9042.388491
5,-9367.685218
6,-9545.473070
7,-9700.180136
8,-10001.264058
9,-10164.778079
10,-10281.750706
