# Model,f
2,-9095.639686
3,-8891.774865
4,-9059.572883
5,-9256.264471
6,-9602.062626
7,-9895.166433
8,-9955.073112
9,-10248.932928
10,-10425.653509
