# Model,f
2,-7336.440168
3,-7254.580263
4,-7382.021645
5,-7570.577023
6,-7760.667952
7,-7957.133801
8,-8091.760260
9,-8299.761325
10,-8380.959729
