# Model,f
2,-12037.457481
3,-11850.233520
4,-11664.948024
5,-11362.318465
6,-11045.590247
7,-10857.872541
8,-11123.818324
9,-11664.829518
10,-12014.588385
