# Model,f
2,-11788.536241
3,-11414.521781
4,-11100.268738
5,-10805.710197
6,-10478.563106
7,-10395.464261
8,-10407.336864
9,-10904.558939
10,-11080.953509
