# Model,f
2,-10401.433939
3,-10153.438740
4,-9927.907108
5,-9799.556668
6,-9967.269283
7,-10098.358152
8,-10197.983540
9,-10572.195569
10,-10571.811729
