# Model,f
2,-11943.643490
3,-11181.630060
4,-10830.391382
5,-10649.850309
6,-10305.248894
7,-10135.566403
8,-9932.925051
9,-10148.354523
10,-10339.660221
