# Model,f
2,-9810.334551
3,-9412.011320
4,-9127.460625
5,-9056.686658
6,-9146.371000
7,-9210.587422
8,-9394.806722
9,-9606.385240
10,-9659.690440
