# Model,f
2,-9906.929673
3,-9776.173646
4,-9626.407970
5,-9776.636875
6,-10110.790323
7,-10224.486716
8,-10610.771372
9,-10731.127430
10,-10883.437254
