# Model,f
2,-8386.351280
3,-8294.633669
4,-8200.940279
5,-8371.232469
6,-8445.281715
7,-8640.315483
8,-8919.874990
9,-9059.905724
10,-9272.503720
