# Model,f
2,-12563.581721
3,-11877.634885
4,-11397.940346
5,-11158.957202
6,-10763.414253
7,-10533.430940
8,-10246.016221
9,-9970.993624
10,-10258.109070
