# Model,f
2,-10723.304042
3,-10483.719670
4,-10323.131920
5,-10065.562648
6,-10191.155981
7,-10564.099808
8,-10646.025811
9,-10994.903057
10,-11035.617927
