# Model,f
2,-12375.206369
3,-11919.918589
4,-11444.108845
5,-11017.572385
6,-10547.826553
7,-10264.904637
8,-10248.199530
9,-10447.124348
10,-10429.407918
