# Model,f
2,-8384.160226
3,-8295.113940
4,-8165.278244
5,-8320.107529
6,-8583.855268
7,-8787.295354
8,-8917.312985
9,-9042.948274
10,-9203.483975
