# Model,f
2,-9038.944056
3,-8477.971886
4,-8330.601881
5,-8397.264159
6,-8540.203173
7,-8809.445314
8,-9008.522362
9,-9150.334721
10,-9282.389469
