# Model,f
2,-9074.489580
3,-8891.482279
4,-9047.916612
5,-9287.578673
6,-9505.159826
7,-9695.049332
8,-9943.641080
9,-10130.473773
10,-10357.868867
