# Model,f
2,-8926.541252
3,-8883.447625
4,-8976.773711
5,-9191.587141
6,-9478.957271
7,-9652.549984
8,-9804.972519
9,-9960.508836
10,-10130.355064
