# Model,f
2,-12877.264748
3,-12346.035787
4,-11940.139556
5,-11691.973403
6,-11281.467149
7,-11050.319380
8,-10926.572733
9,-10648.655639
10,-10902.659245
