# Model,f
2,-11239.827867
3,-10518.060389
4,-9776.891982
5,-9264.993635
6,-9120.845201
7,-9077.044117
8,-9128.627014
9,-9349.504896
10,-9514.799975
