# Model,f
2,-12306.853907
3,-11860.028896
4,-11300.133049
5,-10805.891309
6,-10377.591311
7,-10230.217662
8,-9880.034212
9,-10255.279838
10,-10560.678953
