# Model,f
2,-12224.923385
3,-11293.656334
4,-10345.302205
5,-9429.643896
6,-9151.762627
7,-8946.526346
8,-8679.647794
9,-8547.439655
10,-8858.737173
