# Model,f
2,-12537.798076
3,-11857.405264
4,-11679.508334
5,-11444.533249
6,-11116.898692
7,-10840.474006
8,-10815.822834
9,-10531.711170
10,-10915.579111
