# Model,f
2,-11514.893498
3,-11267.020235
4,-10900.891884
5,-10402.243860
6,-10321.226190
7,-10452.199853
8,-10656.093826
9,-10764.620179
10,-11331.122291
