# Model,f
2,-11434.631810
3,-10750.145294
4,-10425.854360
5,-9996.101699
6,-9842.598613
7,-9802.162174
8,-9962.055366
9,-10087.694632
10,-10265.805846
