# Model,f
2,-11594.059912
3,-11048.887756
4,-10490.064042
5,-9974.696601
6,-9619.302168
7,-9199.595987
8,-9008.030646
9,-9075.496815
10,-9187.409950
