# Model,f
2,-9854.012217
3,-9767.288412
4,-9607.063088
5,-9461.336847
6,-9609.932855
7,-9838.281880
8,-10030.338384
9,-10405.150075
10,-10533.809756
