# Model,f
2,-9765.204913
3,-9575.254336
4,-9265.821746
5,-9188.495598
6,-9407.966716
7,-9494.313526
8,-9573.532882
9,-9835.938397
10,-10111.335587
