# Model,f
2,-8401.541242
3,-8302.121473
4,-8168.134651
5,-8272.756241
6,-8479.853659
7,-8660.533710
8,-8962.562482
9,-9076.082627
10,-9154.924522
