# Model,f
2,-9412.418786
3,-9228.665124
4,-9098.469214
5,-9232.557102
6,-9412.618347
7,-9651.965811
8,-9878.254491
9,-9968.763851
10,-10141.167790
