# Model,f
2,-8735.726235
3,-8643.374474
4,-8782.015872
5,-9009.654902
6,-9209.204840
7,-9446.267400
8,-9650.120532
9,-9738.194449
10,-9959.880217
