# Model,f
2,-9078.942659
3,-8897.304382
4,-9050.842314
5,-9355.689055
6,-9522.369074
7,-9706.369117
8,-10027.633855
9,-10188.840586
10,-10398.712183
