# Model,f
2,-12490.544856
3,-11860.874477
4,-11592.136406
5,-11255.987213
6,-10974.509707
7,-10548.990005
8,-10423.717475
9,-10400.455333
10,-10972.899900
