# Model,f
2,-10482.466570
3,-10182.630631
4,-9921.512410
5,-10022.147882
6,-9905.102201
7,-10320.515653
8,-10532.979009
9,-10715.282279
10,-10830.454730
