# Model,f
2,-10691.946704
3,-10294.688122
4,-9904.235298
5,-9494.871881
6,-9274.991829
7,-9228.363976
8,-9447.144293
9,-9574.072714
10,-9718.820221
