# Model,f
2,-11417.427431
3,-11009.490384
4,-10905.440273
5,-10616.551184
6,-10440.579744
7,-10288.236832
8,-10656.588054
9,-11074.775821
10,-11036.327408
