# Model,f
2,-10668.858720
3,-10487.523671
4,-10202.743320
5,-9992.738728
6,-10125.011784
7,-10408.430150
8,-10602.232012
9,-11025.526467
10,-11158.802054
