# Model,f
2,-9073.495917
3,-8891.555213
4,-9069.074327
5,-9287.460399
6,-9579.614766
7,-9725.805316
8,-10079.317664
9,-10236.460719
10,-10392.535916
