# Model,f
2,-9130.816779
3,-8894.131209
4,-9092.987282
5,-9341.020402
6,-9566.654675
7,-9957.658585
8,-10018.987087
9,-10366.978396
10,-10428.808380
