# Model,f
2,-12383.530392
3,-11640.941507
4,-11330.705574
5,-11084.927721
6,-10736.153633
7,-10502.500760
8,-10041.627731
9,-9895.987717
10,-10458.201035
