# Model,f
2,-12575.613913
3,-12268.939495
4,-11932.525642
5,-11610.796882
6,-11296.786885
7,-11299.271057
8,-11304.582709
9,-11477.591379
10,-11725.220855
