# Model,f
2,-9408.801684
3,-8658.011539
4,-8513.184818
5,-8522.155044
6,-8428.525789
7,-8571.377195
8,-8735.333833
9,-9014.900376
10,-9086.482754
