# Model,f
2,-8653.316926
3,-8533.114894
4,-8664.072418
5,-8898.095397
6,-9077.318802
7,-9260.226361
8,-9501.839441
9,-9591.396761
10,-9773.747971
