# Model,f
2,-9069.785845
3,-8947.302178
4,-9065.186354
5,-9268.040115
6,-9559.238405
7,-9723.060464
8,-10088.525136
9,-10162.370512
10,-10461.206752
