# Model,f
2,-9072.096230
3,-8892.861040
4,-9077.989642
5,-9297.692694
6,-9501.648428
7,-9812.962467
8,-9983.670705
9,-10129.822365
10,-10380.306592
