# Model,f
2,-8603.726219
3,-8369.900425
4,-8520.697157
5,-8729.624107
6,-8942.753523
7,-9178.401753
8,-9305.725453
9,-9543.351315
10,-9779.410213
