# Model,f
2,-8637.278576
3,-8418.435035
4,-8526.371023
5,-8703.350957
6,-8927.739523
7,-9109.746801
8,-9287.344533
9,-9444.834277
10,-9573.864993
