# Model,f
2,-9075.837335
3,-8891.150144
4,-9044.815127
5,-9279.932946
6,-9524.082977
7,-9870.646887
8,-10044.228060
9,-10141.580168
10,-10419.421192
