# Model,f
2,-10190.248159
3,-9401.734060
4,-9193.588053
5,-9027.499981
6,-9019.477463
7,-9142.541621
8,-9402.613452
9,-9415.245852
10,-9692.510298
