# Model,f
2,-10668.101210
3,-10537.123288
4,-10355.121461
5,-10125.273485
6,-10330.271500
7,-10676.186544
8,-10730.133430
9,-11066.686534
10,-11156.833407
