# Model,f
2,-8382.857037
3,-8310.668360
4,-8232.927031
5,-8278.662341
6,-8576.374283
7,-8689.971009
8,-8828.697204
9,-9008.499027
10,-9213.573229
