# Model,f
2,-9942.793395
3,-9728.579788
4,-9568.879956
5,-9745.661814
6,-10050.591141
7,-10377.608276
8,-10523.135528
9,-10857.458942
10,-10978.797264
