# Model,f
2,-10986.287081
3,-10734.073299
4,-10434.341786
5,-10214.010503
6,-9995.607733
7,-9785.058482
8,-10147.681275
9,-10280.814277
10,-10405.559563
