# Model,f
2,-9251.019710
3,-9155.422560
4,-9027.033286
5,-8908.152069
6,-9040.835320
7,-9317.971166
8,-9517.827673
9,-9699.520485
10,-9808.914755
