# Model,f
2,-11846.125068
3,-11484.140352
4,-11068.429714
5,-10522.300395
6,-10241.804922
7,-10013.950065
8,-10186.168998
9,-10640.900181
10,-10534.048427
