# Model,f
2,-10734.200959
3,-10504.422761
4,-10211.979381
5,-10163.860161
6,-10103.779097
7,-10262.406970
8,-10489.699363
9,-10686.611319
10,-10873.141527
