# Model,f
2,-11507.453850
3,-11152.260909
4,-10801.395624
5,-10536.180921
6,-10359.260301
7,-10278.601656
8,-10403.410214
9,-10566.342964
10,-10704.412318
