# Model,f
2,-10761.256663
3,-10517.388424
4,-10149.062997
5,-9870.066078
6,-9671.851626
7,-9801.715883
8,-9971.784756
9,-10005.184800
10,-10438.488763
