# Model,f
2,-10955.675652
3,-10461.388650
4,-10181.806501
5,-9695.808940
6,-9522.411825
7,-9636.379192
8,-9871.545732
9,-10299.351263
10,-10296.280362
