# Model,f
2,-11361.234990
3,-10492.294407
4,-10099.968324
5,-9654.974457
6,-9394.485704
7,-9184.681774
8,-9253.112730
9,-9611.743356
10,-9630.100344
