# Model,f
2,-8685.790103
3,-8547.062213
4,-8681.786859
5,-8918.106268
6,-9104.322651
7,-9335.915582
8,-9497.655720
9,-9643.276140
10,-9866.613150
