# Model,f
2,-9072.566046
3,-8891.009784
4,-9114.877264
5,-9327.994031
6,-9655.315966
7,-9840.883480
8,-9992.941645
9,-10228.686227
10,-10362.610400
