# Model,f
2,-10612.635922
3,-9929.389350
4,-9432.530315
5,-8915.075225
6,-8831.495826
7,-8931.004108
8,-9088.847667
9,-9200.221953
10,-9347.387587
