# Model,f
2,-9071.834749
3,-8895.151623
4,-9051.550723
5,-9305.718898
6,-9520.570189
7,-9727.810676
8,-9990.695922
9,-10143.408684
10,-10360.028234
