# Model,f
2,-8593.522859
3,-8531.632573
4,-8688.484209
5,-8893.055645
6,-9115.060063
7,-9296.987549
8,-9440.374780
9,-9658.902294
10,-9750.285025
