# Model,f
2,-10112.485970
3,-9949.853395
4,-9766.561956
5,-9588.935170
6,-9627.701689
7,-9590.376106
8,-10019.251916
9,-10015.322503
10,-10196.952724
