# Model,f
2,-12187.743268
3,-11864.469311
4,-11591.662610
5,-11139.126145
6,-11096.574964
7,-10516.758754
8,-10716.749888
9,-11331.050944
10,-11526.890213
