# Model,f
2,-12658.581168
3,-12250.269354
4,-11836.687557
5,-11432.305745
6,-11208.924521
7,-10765.617222
8,-10357.304716
9,-10522.928696
10,-10780.666096
