# Model,f
2,-12231.590360
3,-11677.649679
4,-11019.111837
5,-10337.266602
6,-9869.521728
7,-9726.476609
8,-9676.921686
9,-9589.502298
10,-9677.202357
