# Model,f
2,-12390.748535
3,-11832.572620
4,-11419.043969
5,-11140.815450
6,-10849.366567
7,-10514.008697
8,-10660.871792
9,-10780.921351
10,-10863.110083
