# Model,f
2,-10003.802560
3,-9779.041409
4,-9426.879612
5,-9389.965111
6,-9461.977592
7,-9620.019911
8,-9997.071967
9,-10102.433920
10,-10393.396992
