# Model,f
2,-12357.546545
3,-11846.802543
4,-11327.798288
5,-10986.909383
6,-10675.785191
7,-10512.496247
8,-10501.672015
9,-10667.122678
10,-10691.078163
