# Model,f
2,-11804.022913
3,-11699.563180
4,-11468.030430
5,-11106.512327
6,-10901.498488
7,-10680.513175
8,-11135.017475
9,-11193.255295
10,-11622.529012
