# Model,f
2,-9075.683821
3,-8892.934700
4,-9126.301061
5,-9259.854173
6,-9515.720836
7,-9726.981662
8,-10048.077170
9,-10181.836605
10,-10363.952337
