# Model,f
2,-8425.161745
3,-8322.767653
4,-8448.509567
5,-8659.356024
6,-8877.820034
7,-9051.524469
8,-9296.787496
9,-9440.306377
10,-9585.766403
