# Model,f
2,-9069.730143
3,-8900.518749
4,-9060.317975
5,-9264.029828
6,-9504.371410
7,-9830.437555
8,-10040.552530
9,-10138.294988
10,-10342.790464
