# Model,f
2,-8603.643108
3,-8539.035085
4,-8748.834517
5,-8911.842099
6,-9154.037223
7,-9334.251314
8,-9517.578157
9,-9654.662422
10,-9847.195280
