# Model,f
2,-11342.745117
3,-11111.592109
4,-10736.526927
5,-10372.311397
6,-10256.296528
7,-10262.050400
8,-10526.373449
9,-10722.658681
10,-10997.075208
