# Model,f
2,-8698.083231
3,-8595.030967
4,-8762.242573
5,-8998.638947
6,-9191.562737
7,-9469.702057
8,-9635.040334
9,-9827.049000
10,-9952.681003
