# Model,f
2,-9086.759520
3,-8890.921507
4,-9037.700361
5,-9328.918373
6,-9496.149317
7,-9970.638825
8,-10055.331283
9,-10306.391663
10,-10267.117542
