# Model,f
2,-12110.553883
3,-11294.515466
4,-10575.284199
5,-9904.438881
6,-9419.037635
7,-9092.683392
8,-8729.106529
9,-9040.857839
10,-9205.659418
