# Model,f
2,-8391.979411
3,-8304.771202
4,-8304.856997
5,-8366.398749
6,-8436.578961
7,-8653.270036
8,-8900.928665
9,-9138.942395
10,-9170.308624
