# Model,f
2,-9248.598618
3,-8724.234605
4,-8646.959311
5,-8746.586588
6,-8914.265835
7,-9119.607638
8,-9290.938446
9,-9496.951150
10,-9622.908653
