# Model,f
2,-12868.726154
3,-12381.639799
4,-11948.167051
5,-11539.164836
6,-11070.223021
7,-10694.079272
8,-10420.055523
9,-10572.855388
10,-10593.618844
