# Model,f
2,-11194.899821
3,-10544.549531
4,-10282.198746
5,-10029.006449
6,-9729.710262
7,-9688.582623
8,-9657.654607
9,-9888.894891
10,-10154.291900
