# Model,f
2,-12562.786774
3,-12188.713475
4,-11652.719529
5,-11216.312723
6,-10822.250236
7,-10331.905446
8,-10187.069861
9,-10332.115590
10,-10297.616757
