# Model,f
2,-11284.685248
3,-10836.083978
4,-10547.194185
5,-10009.073636
6,-9837.648806
7,-9728.273083
8,-9873.692084
9,-10045.104135
10,-10420.344515
