# Model,f
2,-9294.190408
3,-8977.997589
4,-8835.259374
5,-8671.296174
6,-8825.356608
7,-9185.365577
8,-9384.211364
9,-9525.531393
10,-9626.498818
