# Model,f
2,-11838.914494
3,-11308.840776
4,-10769.818748
5,-10382.406533
6,-9872.382837
7,-9505.595028
8,-9542.523149
9,-9388.099144
10,-9752.602233
