# Model,f
2,-9273.019192
3,-8360.430799
4,-8137.526232
5,-8233.935046
6,-8398.153154
7,-8535.482456
8,-8713.111855
9,-8864.105715
10,-8998.948445
