# Model,f
2,-8385.940212
3,-8298.209235
4,-8221.686571
5,-8307.880209
6,-8500.807674
7,-8827.636533
8,-8945.072090
9,-9107.502099
10,-9220.111153
