# Model,f
2,-10279.257845
3,-10230.122517
4,-10079.569834
5,-9905.757487
6,-9818.740939
7,-9896.015894
8,-10098.810305
9,-10289.761872
10,-10511.925212
