# Model,f
2,-7598.899467
3,-7558.951922
4,-7673.202576
5,-7881.128714
6,-8074.087109
7,-8240.135385
8,-8421.885749
9,-8580.056899
10,-8755.306796
