# Model,f
2,-9072.786784
3,-8894.294421
4,-9041.642340
5,-9261.658893
6,-9545.959059
7,-9701.587062
8,-9989.316211
9,-10260.605142
10,-10364.658160
