# Model,f
2,-9479.204506
3,-9041.040058
4,-8698.523865
5,-8509.636400
6,-9258.419566
7,-9235.483142
8,-9553.980579
9,-10028.894033
10,-9670.761531
