# FBP,BGP,LogLik
0.069647,0.069647,-8836.400986
0.028614,0.028614,-8371.248193
