# Model,f
2,-11358.492207
3,-11122.966828
4,-10911.073898
5,-10637.113341
6,-10253.379242
7,-10370.396808
8,-10220.766746
9,-10505.663557
10,-10304.278598
