# Model,f
2,-11675.644005
3,-11141.417134
4,-10653.071202
5,-10393.356380
6,-10147.316015
7,-9940.267287
8,-9982.714232
9,-10016.011493
10,-10183.076055
