# Model,f
2,-11716.098411
3,-11126.433102
4,-10694.280968
5,-10315.653181
6,-10180.036334
7,-10016.727832
8,-10095.706888
9,-10166.860858
10,-10308.966409
