# Model,f
2,-10419.770464
3,-9990.668398
4,-9618.235191
5,-9535.551559
6,-9618.990079
7,-9828.546136
8,-9982.764246
9,-10145.570988
10,-10551.950041
