# Model,f
2,-11053.403047
3,-10813.653600
4,-10610.648449
5,-10437.970855
6,-10415.672856
7,-10479.820959
8,-10697.674952
9,-11017.834158
10,-11084.343161
