# Model,f
2,-10761.858842
3,-10373.638908
4,-9971.882653
5,-9818.645761
6,-9448.311672
7,-9585.769734
8,-9781.561231
9,-9896.095912
10,-10441.575494
