# Model,f
2,-11552.762375
3,-10946.403167
4,-10791.726991
5,-10563.448986
6,-10561.172153
7,-10457.556455
8,-10551.928768
9,-10531.104972
10,-10937.333626
