# Model,f
2,-10324.635287
3,-10108.297403
4,-9852.088928
5,-9597.826774
6,-9505.553823
7,-9583.988509
8,-9809.459184
9,-10040.236410
10,-10100.058149
