# Model,f
2,-11004.451009
3,-10903.472528
4,-10730.482558
5,-10495.539359
6,-10303.758329
7,-10472.551691
8,-10920.193647
9,-11083.853700
10,-11317.386725
