# Model,f
2,-9079.435183
3,-8900.325514
4,-9067.051761
5,-9285.871209
6,-9605.746087
7,-9861.880759
8,-10000.865880
9,-10236.254844
10,-10385.520969
