# Model,f
2,-9073.696451
3,-8891.532058
4,-9055.797060
5,-9300.325019
6,-9543.797480
7,-9780.016358
8,-10020.067591
9,-10078.270657
10,-10416.544386
