# Model,f
2,-8830.961044
3,-8691.541239
4,-8884.661122
5,-9177.722959
6,-9491.372730
7,-9618.322248
8,-10057.906632
9,-10092.792873
10,-10249.610663
