# Model,f
2,-9083.061911
3,-8908.484219
4,-9082.186979
5,-9274.540125
6,-9564.798495
7,-9825.323672
8,-10117.569546
9,-10082.912692
10,-10347.226755
