# Model,f
2,-10682.729459
3,-10222.286426
4,-9783.331056
5,-9414.646999
6,-9507.069571
7,-9625.518614
8,-9836.190146
9,-9941.422518
10,-10176.955097
