# Model,f
2,-11436.979240
3,-10865.079058
4,-10406.894589
5,-9894.285479
6,-9509.162491
7,-9345.202148
8,-9328.740739
9,-9223.247102
10,-9650.717900
