# Model,f
2,-9031.347737
3,-8938.598940
4,-9087.394988
5,-9302.303544
6,-9670.788360
7,-9782.714219
8,-10013.154551
9,-10180.830818
10,-10550.169360
