# Model,f
2,-9071.249775
3,-8901.646151
4,-9050.164361
5,-9302.244557
6,-9482.071860
7,-9748.184544
8,-9993.232131
9,-10114.596204
10,-10508.715250
