# Model,f
2,-10979.297871
3,-10801.011043
4,-10589.341378
5,-10476.982457
6,-10458.892417
7,-10356.260200
8,-10660.396593
9,-10843.399183
10,-11164.760253
