# Model,f
2,-12093.039345
3,-11548.421748
4,-11293.832775
5,-11076.649100
6,-10761.324874
7,-10548.766920
8,-10578.313924
9,-10635.260195
10,-10867.218356
