# Model,f
2,-10215.299427
3,-9984.761792
4,-9691.132031
5,-9469.374772
6,-9305.757892
7,-9412.048871
8,-9647.977389
9,-9814.932493
10,-10124.550461
