# Model,f
2,-12108.904803
3,-11341.665327
4,-10663.887707
5,-10015.129297
6,-9918.554069
7,-9733.937954
8,-9837.492986
9,-9952.490253
10,-10015.915676
