# Model,f
2,-9050.271906
3,-8878.425368
4,-9062.976864
5,-9259.339321
6,-9492.383291
7,-9693.951449
8,-9879.890137
9,-10100.051055
10,-10228.382796
