# Model,f
2,-9071.951946
3,-8895.896709
4,-9051.306912
5,-9322.451348
6,-9562.013978
7,-9858.285462
8,-10072.724237
9,-10083.124334
10,-10375.431685
