# Model,f
2,-11323.380280
3,-10912.943203
4,-10418.584616
5,-10272.659220
6,-10059.834178
7,-10366.039332
8,-10561.933624
9,-10697.131531
10,-10863.879034
