# Model,f
2,-9801.214860
3,-9295.025151
4,-9078.458490
5,-9044.138114
6,-9156.572249
7,-9257.800797
8,-9499.924835
9,-9640.663466
10,-9776.691527
