# Model,f
2,-9081.065896
3,-8961.035213
4,-9145.596856
5,-9379.573809
6,-9615.997041
7,-9979.788008
8,-10112.664871
9,-10336.949074
10,-10516.979680
