# Model,f
2,-9069.966976
3,-8891.717174
4,-9037.172974
5,-9292.060570
6,-9497.019918
7,-9809.033689
8,-10017.047738
9,-10149.751996
10,-10329.136794
