# Model,f
2,-11589.494566
3,-10816.138028
4,-10289.652443
5,-9699.198483
6,-9282.612494
7,-9017.882665
8,-8842.160848
9,-8890.174023
10,-9036.977139
