# Model,f
2,-12740.304377
3,-11992.114308
4,-11175.057793
5,-10767.435106
6,-10370.703153
7,-10053.951833
8,-9765.115390
9,-9818.729233
10,-9916.754375
