# Model,f
2,-13271.954236
3,-12839.258962
4,-12414.216557
5,-12021.362991
6,-11583.160649
7,-11285.278291
8,-11118.495356
9,-11320.731740
10,-11353.740646
