# Model,f
2,-8383.271012
3,-8294.553342
4,-8295.602816
5,-8408.068225
6,-8485.229279
7,-8766.696765
8,-8842.100864
9,-9032.022682
10,-9257.924661
