# Model,f
2,-10006.518983
3,-9681.582346
4,-9506.150252
5,-9701.155384
6,-9939.625106
7,-10220.851030
8,-10348.371820
9,-10722.636101
10,-10841.625666
