# Model,f
2,-11359.272317
3,-11005.647591
4,-10639.158922
5,-10218.336762
6,-9912.716683
7,-9586.275009
8,-9639.867812
9,-9760.916719
10,-10099.239294
