# Model,f
2,-10337.290189
3,-9717.165916
4,-9551.461682
5,-9457.199133
6,-9582.968245
7,-9822.946067
8,-10042.772354
9,-10171.640058
10,-10341.947162
