# Model,f
2,-12735.480520
3,-12242.804898
4,-11756.311572
5,-11287.733307
6,-10874.967384
7,-10510.614151
8,-10364.472923
9,-10430.480229
10,-10475.799587
