# Model,f
2,-12355.581635
3,-11949.139252
4,-11522.193928
5,-11197.901331
6,-10782.532844
7,-10662.276723
8,-10333.183257
9,-10549.696605
10,-10916.970274
