# Model,f
2,-8535.233730
3,-8472.544682
4,-8620.146794
5,-8869.399605
6,-9075.655069
7,-9253.491716
8,-9397.421314
9,-9595.088978
10,-9686.536581
