# Model,f
2,-9118.735745
3,-8891.565139
4,-9041.005028
5,-9272.441392
6,-9504.299851
7,-9838.729512
8,-10149.040286
9,-10267.562120
10,-10356.987909
