# Model,f
2,-10729.228389
3,-10360.354057
4,-9984.510134
5,-9639.203860
6,-9876.139086
7,-9919.388651
8,-10210.274925
9,-10711.853169
10,-10518.695255
