# Model,f
2,-9070.619936
3,-8898.803182
4,-9121.528364
5,-9284.277091
6,-9658.686494
7,-9895.940574
8,-10003.976503
9,-10236.235189
10,-10513.582249
