# Model,f
2,-8866.315801
3,-8779.355319
4,-8962.086197
5,-9189.121905
6,-9392.728382
7,-9656.582803
8,-9839.943339
9,-10154.065521
10,-10261.300764
