# Model,f
2,-11880.756285
3,-11339.363380
4,-11075.411567
5,-10748.878956
6,-10374.137514
7,-10189.134651
8,-10427.579488
9,-10725.774735
10,-10833.286210
