# Model,f
2,-11071.674697
3,-10666.279396
4,-10402.589967
5,-10052.450879
6,-9960.819583
7,-10070.989517
8,-10230.052357
9,-10625.413867
10,-10706.413750
