# Model,f
2,-9084.568956
3,-8890.887027
4,-9039.688768
5,-9282.387235
6,-9493.867034
7,-9744.056844
8,-9977.457542
9,-10339.358193
10,-10364.259266
