# Model,f
2,-7426.887102
3,-7395.318992
4,-7510.871069
5,-7694.951231
6,-7916.958440
7,-8125.330656
8,-8253.137672
9,-8433.651719
10,-8563.341482
