# Model,f
2,-10008.929289
3,-9545.734279
4,-9107.038082
5,-8726.867080
6,-8722.011687
7,-8798.321469
8,-8901.947106
9,-9180.215127
10,-9150.164184
