# Model,f
2,-9792.425200
3,-9705.282313
4,-9559.602880
5,-9393.311075
6,-9724.567718
7,-9818.032831
8,-10182.827485
9,-10297.027166
10,-10426.938884
