# Model,f
2,-10632.106130
3,-9953.574339
4,-9503.726668
5,-9000.818152
6,-8906.782928
7,-8977.861145
8,-9072.431040
9,-9264.288431
10,-9376.079285
