# Model,f
2,-12537.793442
3,-12157.012838
4,-11757.860571
5,-11377.371265
6,-11111.161973
7,-10926.939930
8,-10508.235259
9,-10537.267063
10,-10496.104554
