# Model,f
2,-12776.150191
3,-12256.629646
4,-11868.173140
5,-11459.596649
6,-11123.385930
7,-10971.958950
8,-10503.353312
9,-10651.040840
10,-10775.082945
