# Model,f
2,-8330.363997
3,-8193.564671
4,-8027.008468
5,-8112.384825
6,-8368.346067
7,-8473.971230
8,-8656.521168
9,-8826.273050
10,-9039.202773
