# Model,f
2,-8389.243293
3,-8295.645711
4,-8223.692280
5,-8271.187847
6,-8525.628261
7,-8774.223123
8,-8825.315177
9,-8985.403561
10,-9201.901532
