# Model,f
2,-8382.237057
3,-8294.726282
4,-8258.921703
5,-8360.408118
6,-8467.736097
7,-8764.123955
8,-8872.695100
9,-9070.214795
10,-9195.017563
