# Model,f
2,-9306.684869
3,-8528.445347
4,-8407.728006
5,-8531.574037
6,-8694.099509
7,-8873.842462
8,-9013.513822
9,-9178.584512
10,-9307.686319
