# Model,f
2,-10125.740093
3,-9935.250703
4,-9749.949403
5,-10002.615908
6,-10200.795503
7,-10519.525018
8,-10712.999543
9,-11083.523403
10,-11156.445508
