# Model,f
2,-8385.130263
3,-8316.564869
4,-8221.483867
5,-8355.481616
6,-8486.607736
7,-8755.403328
8,-8807.045891
9,-9028.514623
10,-9189.007871
