# Model,f
2,-10314.131354
3,-9737.616458
4,-9635.184550
5,-9341.209559
6,-9408.165861
7,-9733.147378
8,-9932.619926
9,-10119.034159
10,-10228.795188
