# Model,f
2,-12286.958129
3,-11669.517569
4,-11083.537574
5,-10362.530510
6,-9848.807498
7,-9661.105900
8,-9615.238957
9,-9726.351164
10,-9702.990250
