# Model,f
2,-12574.691725
3,-11921.854005
4,-11394.533601
5,-10793.444172
6,-10268.190930
7,-9623.359714
8,-9482.176773
9,-9501.975791
10,-9525.477383
