# Model,f
2,-11515.582688
3,-11298.204924
4,-11040.703205
5,-10695.292289
6,-10710.623846
7,-10882.417003
8,-11086.027094
9,-11194.015410
10,-11510.666179
