# Model,f
2,-8976.136831
3,-7811.591673
4,-7603.244851
5,-7670.186160
6,-7821.394359
7,-7986.782822
8,-8116.117583
9,-8321.734391
10,-8446.558581
