# Model,f
2,-8383.119983
3,-8294.723539
4,-8164.947252
5,-8294.908001
6,-8450.873410
7,-8685.799507
8,-8836.473824
9,-9053.677496
10,-9179.115842
