# Model,f
2,-8384.420566
3,-8306.471641
4,-8218.689091
5,-8458.998179
6,-8594.007378
7,-8652.323570
8,-8896.196020
9,-9109.766420
10,-9287.921979
