# Model,f
2,-9726.435865
3,-9465.461298
4,-9210.087924
5,-9300.827365
6,-9481.557569
7,-9666.604612
8,-9892.917661
9,-10083.542126
10,-10339.622825
