# Model,f
2,-9215.593919
3,-8878.114208
4,-9004.341830
5,-9211.415197
6,-9445.366582
7,-9655.880895
8,-10082.334477
9,-10143.349280
10,-10344.331280
