# Model,f
2,-9069.939956
3,-8893.069969
4,-9051.378503
5,-9278.387244
6,-9561.063929
7,-9874.535026
8,-9998.423766
9,-10103.207098
10,-10443.513848
