# Model,f
2,-12331.981600
3,-11619.461742
4,-10884.224824
5,-10456.064062
6,-10154.933768
7,-9844.583329
8,-9517.549656
9,-9820.019281
10,-9764.440501
