# Model,f
2,-11699.449802
3,-11104.165882
4,-10427.227597
5,-9825.311865
6,-9325.395713
7,-9252.229994
8,-9163.296245
9,-9299.414320
10,-9371.994555
