# Model,f
2,-12937.360992
3,-12447.815029
4,-11948.280633
5,-11387.594012
6,-10819.892481
7,-10318.284568
8,-10118.037449
9,-9892.362641
10,-9977.414649
