# Model,f
2,-12593.162438
3,-11870.087963
4,-11163.410733
5,-10604.881073
6,-9984.675934
7,-9588.478772
8,-9260.101607
9,-9121.683434
10,-9158.970399
