# Model,f
2,-11774.601703
3,-11597.546590
4,-11271.350335
5,-10869.598628
6,-10509.551475
7,-10576.974322
8,-10579.559061
9,-10883.223958
10,-11012.753657
