# Model,f
2,-11406.202097
3,-10695.689827
4,-10027.908477
5,-9621.291552
6,-9444.539774
7,-9315.960281
8,-9434.202212
9,-9621.728765
10,-9679.521302
