# Model,f
2,-11584.836445
3,-11004.895777
4,-10647.669890
5,-10287.377264
6,-10063.050145
7,-9881.299247
8,-9921.037380
9,-10113.183117
10,-10362.559045
