# Model,f
2,-9119.403579
3,-8172.480175
4,-8080.191195
5,-8160.503769
6,-8344.340648
7,-8557.695045
8,-8675.607664
9,-8819.130807
10,-8963.049284
