# Model,f
2,-8435.413056
3,-8296.839582
4,-8170.515928
5,-8272.382492
6,-8486.940400
7,-8834.563108
8,-8943.525740
9,-9162.090445
10,-9231.269998
