# Model,f
2,-11534.225868
3,-11165.407124
4,-10810.688217
5,-10571.582265
6,-10421.996062
7,-10343.445310
8,-10391.765554
9,-10649.539938
10,-10821.981193
