# Model,f
2,-12669.678245
3,-11955.690610
4,-11332.093505
5,-10724.881966
6,-10408.506061
7,-10108.710403
8,-9920.942777
9,-9927.757385
10,-10027.094710
