# Model,f
2,-11343.632708
3,-10660.189470
4,-9981.642585
5,-9224.954073
6,-9088.614345
7,-9100.047175
8,-9201.600991
9,-9248.180470
10,-9417.974055
