# Model,f
2,-11735.781487
3,-11495.823100
4,-11277.972482
5,-11084.804606
6,-10777.222762
7,-10452.969798
8,-10565.284010
9,-10692.816416
10,-10864.360164
