# Model,f
2,-9332.454811
3,-8592.196006
4,-8341.862785
5,-8185.955194
6,-8286.353093
7,-8466.309923
8,-8660.772974
9,-8871.114347
10,-9003.847656
