# Model,f
2,-8671.182723
3,-8225.433427
4,-8303.436351
5,-8490.859739
6,-8685.555969
7,-8868.028823
8,-9017.393231
9,-9153.959763
10,-9303.898224
