# Model,f
2,-9071.559524
3,-8892.751773
4,-9075.372967
5,-9299.404702
6,-9525.930040
7,-9734.063942
8,-10075.523559
9,-10262.310027
10,-10368.595526
