# Model,f
2,-8384.438112
3,-8331.233813
4,-8170.468985
5,-8341.072353
6,-8499.593606
7,-8707.134747
8,-8871.098002
9,-9119.378495
10,-9255.537118
