# Model,f
2,-9709.112379
3,-9538.613706
4,-9367.511106
5,-9489.043114
6,-9711.854274
7,-9950.558130
8,-10189.137867
9,-10391.996364
10,-10511.382548
