# Model,f
2,-10973.723955
3,-10246.471494
4,-9405.376742
5,-9262.181744
6,-9159.054893
7,-9157.248029
8,-9299.500797
9,-9403.524586
10,-9560.138871
