# Model,f
2,-10961.483542
3,-10306.865121
4,-9616.611032
5,-9280.097932
6,-8971.549077
7,-8779.367942
8,-9077.699238
9,-9045.429110
10,-9160.005437
