# Model,f
2,-11190.700873
3,-10819.548737
4,-10326.915277
5,-9943.833549
6,-9750.918115
7,-9833.252374
8,-9915.940504
9,-10111.117845
10,-10300.956444
