# Model,f
2,-12323.942952
3,-11755.130540
4,-11545.135405
5,-11277.714315
6,-11057.970013
7,-10890.336750
8,-10742.991857
9,-11060.685244
10,-11376.426494
