# Model,f
2,-12278.697604
3,-11880.559245
4,-11434.166280
5,-11213.214021
6,-10965.275988
7,-10768.635387
8,-10514.864116
9,-10586.098132
10,-10927.750436
