# Model,f
2,-9006.635377
3,-8793.818264
4,-8674.113653
5,-8778.262928
6,-8966.428173
7,-9206.912498
8,-9258.588594
9,-9457.542660
10,-9647.025505
