# Model,f
2,-8382.202508
3,-8295.862962
4,-8181.766007
5,-8271.964563
6,-8510.031853
7,-8650.450818
8,-8922.070716
9,-9003.532846
10,-9285.717748
