# Model,f
2,-10825.092194
3,-9784.260849
4,-9394.321578
5,-9063.086121
6,-8792.221752
7,-8762.807866
8,-8896.128220
9,-9077.201508
10,-9254.504461
