# Model,f
2,-12355.576506
3,-11862.325053
4,-11653.862976
5,-11467.366241
6,-11123.846034
7,-10956.716756
8,-10661.821394
9,-10462.425621
10,-10997.780204
