# Model,f
2,-10847.438246
3,-10686.874600
4,-10392.580370
5,-10122.069755
6,-10275.118611
7,-10444.263060
8,-10743.045417
9,-11011.676324
10,-11033.733344
