# Model,f
2,-9081.878047
3,-8894.802115
4,-9074.217600
5,-9281.270576
6,-9560.769370
7,-9729.539512
8,-9931.596143
9,-10251.327855
10,-10442.940755
