# Model,f
2,-8163.603787
3,-8133.019026
4,-8242.700984
5,-8444.821292
6,-8694.288497
7,-8787.516394
8,-9029.456276
9,-9212.307501
10,-9340.394891
