# Model,f
2,-12052.982188
3,-11617.598233
4,-11027.401853
5,-10864.260423
6,-10592.254487
7,-10375.664343
8,-10775.939614
9,-10760.617816
10,-11035.318182
