# Model,f
2,-11692.428768
3,-11396.351477
4,-11253.144526
5,-11080.472625
6,-10863.423275
7,-10604.451709
8,-10719.713363
9,-10776.575562
10,-11000.484392
