# Model,f
2,-10020.283530
3,-9563.193890
4,-9457.572694
5,-9206.111457
6,-9123.816686
7,-9387.573466
8,-9431.157187
9,-9733.654128
10,-10019.227911
