# Model,f
2,-12658.130915
3,-12123.398491
4,-11787.519685
5,-11478.973259
6,-11198.183044
7,-10724.275137
8,-10692.234706
9,-10619.553115
10,-10863.668713
