# Model,f
2,-11890.924110
3,-11439.229150
4,-10870.796373
5,-10348.983595
6,-10223.103183
7,-9947.539749
8,-10160.800537
9,-10241.330686
10,-10354.014075
