# Model,f
2,-8382.343670
3,-8298.688113
4,-8218.829459
5,-8302.779535
6,-8511.149678
7,-8838.141027
8,-8940.683961
9,-9093.923645
10,-9242.264987
