# Model,f
2,-9174.425073
3,-8904.406467
4,-8760.588403
5,-8928.705156
6,-9187.759835
7,-9445.517960
8,-9620.115432
9,-9896.635246
10,-10030.223629
