# Model,f
2,-11367.683577
3,-10786.341005
4,-10151.219889
5,-9615.586053
6,-9207.346703
7,-9023.378959
8,-9126.309699
9,-9183.782060
10,-9283.970547
