# Model,f
2,-10132.521198
3,-9693.626880
4,-9603.824813
5,-9523.102894
6,-9274.118186
7,-9719.819324
8,-9689.511154
9,-9964.055172
10,-10143.481225
