# Model,f
2,-11624.507130
3,-11397.018819
4,-11025.690970
5,-10709.445950
6,-10548.362191
7,-10720.679973
8,-11051.318425
9,-11445.837047
10,-11657.424262
