# Model,f
2,-9069.398713
3,-8893.147753
4,-9070.247773
5,-9280.094252
6,-9535.523123
7,-9723.505634
8,-10019.905752
9,-10162.395968
10,-10387.535731
