# Model,f
2,-8662.639041
3,-8370.825472
4,-8474.211391
5,-8655.328158
6,-8882.169666
7,-9073.805300
8,-9234.564427
9,-9460.871344
10,-9563.754098
