# Model,f
2,-9069.984722
3,-8902.662999
4,-9086.110667
5,-9284.184590
6,-9553.366586
7,-9858.271848
8,-9915.617140
9,-10118.831096
10,-10326.734294
