# Model,f
2,-7911.776310
3,-7876.033997
4,-8064.687984
5,-8149.557891
6,-8332.978706
7,-8592.637329
8,-8787.231434
9,-8922.752618
10,-9074.032399
