# Model,f
2,-11434.712543
3,-10559.931309
4,-9952.127907
5,-9749.601630
6,-9471.851878
7,-9539.088019
8,-9572.089910
9,-9734.155063
10,-9821.473092
