# Model,f
2,-10206.467783
3,-9068.402339
4,-8827.093127
5,-8689.764516
6,-8502.504306
7,-8659.296441
8,-8827.626462
9,-8934.735014
10,-9157.496303
