# Model,f
2,-11583.894488
3,-11431.487919
4,-11308.680239
5,-11092.403367
6,-10815.219267
7,-10460.706566
8,-10748.216525
9,-10890.501432
10,-10998.603483
