# Model,f
2,-11572.962739
3,-11416.040061
4,-11299.094754
5,-11084.107133
6,-10809.136893
7,-10458.451617
8,-10745.829560
9,-10888.970554
10,-10995.384672
