# Model,f
2,-8384.578485
3,-8307.843576
4,-8183.928710
5,-8297.650467
6,-8456.151105
7,-8698.719291
8,-8823.309670
9,-9095.359159
10,-9184.995911
