# Model,f
2,-8245.669148
3,-8044.744847
4,-7921.703454
5,-8039.448976
6,-8241.625829
7,-8448.537672
8,-8589.142000
9,-8786.253120
10,-8974.206631
