# Model,f
2,-11004.765690
3,-10547.495510
4,-10266.946315
5,-10009.211428
6,-9848.384983
7,-9990.243505
8,-10231.096117
9,-10428.106371
10,-10517.157250
