# Model,f
2,-12454.936753
3,-11986.822137
4,-11534.755250
5,-11061.241995
6,-10692.478934
7,-10465.616975
8,-10466.049265
9,-10627.366317
10,-10510.139847
