# Model,f
2,-12955.693959
3,-12497.841400
4,-11927.295717
5,-11436.597934
6,-11127.812943
7,-10661.967374
8,-10380.994192
9,-10416.536451
10,-10503.461661
