# Model,f
2,-11361.970816
3,-10867.921542
4,-10300.015427
5,-9549.383349
6,-9420.406953
7,-9381.622472
8,-9507.565896
9,-9702.347867
10,-9772.412529
