# Model,f
2,-9584.557583
3,-9315.283389
4,-9024.200612
5,-9123.947714
6,-9296.270710
7,-9507.632623
8,-9661.983551
9,-9789.449486
10,-9994.563564
