# Model,f
2,-8384.037897
3,-8294.635801
4,-8167.776340
5,-8270.717965
6,-8492.393175
7,-8775.705007
8,-8918.556620
9,-9048.746311
10,-9226.309233
