# Model,f
2,-8382.941606
3,-8328.492961
4,-8287.058647
5,-8284.008178
6,-8472.692311
7,-8682.749055
8,-8949.239744
9,-9040.192904
10,-9240.460524
