# Model,f
2,-9302.152912
3,-9205.713423
4,-9057.640804
5,-9224.896227
6,-9425.103539
7,-9580.155108
8,-9829.397579
9,-10111.125901
10,-10230.528143
