# Model,f
2,-11490.512867
3,-10629.092653
4,-10190.577804
5,-9864.373704
6,-9483.662921
7,-9239.157915
8,-9370.835076
9,-9732.828518
10,-9541.956220
