# Model,f
2,-9911.150000
3,-9730.558839
4,-9563.545693
5,-9729.901655
6,-9981.416862
7,-10187.755170
8,-10504.875249
9,-10556.700985
10,-10879.300855
