# Model,f
2,-8382.420937
3,-8301.886102
4,-8264.466614
5,-8313.983188
6,-8454.609778
7,-8704.617185
8,-8962.268191
9,-9108.259927
10,-9235.097159
