# Model,f
2,-12676.152416
3,-12216.472064
4,-11790.062345
5,-11422.000288
6,-11132.409703
7,-10850.119689
8,-10623.615701
9,-10835.500374
10,-10823.837775
