# Model,f
2,-8387.929085
3,-8317.688831
4,-8249.104694
5,-8283.758526
6,-8525.838361
7,-8775.966063
8,-8970.485778
9,-9052.813802
10,-9296.424680
