# Model,f
2,-8136.612461
3,-8039.028814
4,-7843.237996
5,-7958.665782
6,-8164.593618
7,-8358.362824
8,-8540.768884
9,-8715.006997
10,-8982.561300
