# Model,f
2,-8492.428265
3,-8326.385112
4,-8488.056667
5,-8686.969053
6,-8969.939547
7,-9174.642248
8,-9443.133027
9,-9590.883942
10,-9752.686592
