# Model,f
2,-9077.484845
3,-8892.761291
4,-9053.605817
5,-9286.591372
6,-9564.409165
7,-9733.014351
8,-9996.677168
9,-10090.689095
10,-10399.207302
