# Model,f
2,-8383.273059
3,-8294.577568
4,-8211.536054
5,-8305.010070
6,-8526.420536
7,-8804.273582
8,-9008.042753
9,-9106.539400
10,-9282.022244
