# Model,f
2,-9778.640063
3,-9357.155656
4,-9195.861052
5,-9414.906670
6,-9611.187485
7,-9744.007489
8,-9971.515582
9,-10170.471202
10,-10350.703140
