# Model,f
2,-12804.807161
3,-12654.338903
4,-12577.069208
5,-12333.769922
6,-12041.818516
7,-11763.927167
8,-11571.199340
9,-11388.887982
10,-12133.314449
