# Model,f
2,-13286.943274
3,-13014.857703
4,-12716.122635
5,-12409.145931
6,-12060.175665
7,-11576.619547
8,-11491.559170
9,-11212.579630
10,-11999.825835
