# Model,f
2,-12500.534633
3,-12296.372105
4,-12011.166536
5,-11737.325070
6,-11402.860206
7,-10994.515482
8,-11090.572730
9,-11505.107793
10,-11968.851417
