# Model,f
2,-10859.459159
3,-9783.131764
4,-9592.965760
5,-9411.218865
6,-9226.705554
7,-9302.298710
8,-9342.059407
9,-9462.370151
10,-9557.293824
