# Model,f
2,-10412.370547
3,-10263.394602
4,-10091.798779
5,-9784.115370
6,-10012.511328
7,-10219.759776
8,-10432.744576
9,-10553.905299
10,-10940.648346
