# Model,f
2,-11977.934954
3,-11722.505062
4,-11439.032378
5,-11031.320596
6,-10735.048008
7,-10469.431588
8,-10567.392690
9,-10851.286812
10,-11474.030285
