# Model,f
2,-11910.997142
3,-11505.203366
4,-11131.793834
5,-10676.889725
6,-10375.489671
7,-10262.972157
8,-10332.157751
9,-10609.662531
10,-10656.503533
