# Model,f
2,-12326.779863
3,-11777.929133
4,-11245.656435
5,-10864.499134
6,-10656.921566
7,-10505.753297
8,-10413.507297
9,-10525.127653
10,-10768.129202
