# Model,f
2,-9579.500126
3,-9209.599900
4,-9078.570467
5,-9223.612739
6,-9362.658075
7,-9549.485108
8,-9718.544356
9,-9920.018593
10,-10190.632028
