# Model,f
2,-8382.842537
3,-8295.182664
4,-8174.330745
5,-8339.614672
6,-8472.983547
7,-8677.657003
8,-8947.184812
9,-9004.700505
10,-9219.490066
