# Model,f
2,-12305.081763
3,-11961.175638
4,-11630.433664
5,-11179.755661
6,-10608.890615
7,-10263.571701
8,-10066.398564
9,-10444.394072
10,-10370.926796
