# Model,f
2,-8983.106918
3,-8840.857585
4,-9008.795897
5,-9168.007133
6,-9387.066995
7,-9594.108924
8,-9760.747060
9,-10114.978280
10,-10132.346771
