# Model,f
2,-9070.059980
3,-8897.908815
4,-9096.953816
5,-9290.075552
6,-9547.690331
7,-9912.318869
8,-10006.704826
9,-10179.918203
10,-10428.829310
