# Model,f
2,-9132.288363
3,-9010.877293
4,-8819.463807
5,-8982.663145
6,-9243.514694
7,-9530.542989
8,-9735.606260
9,-9800.425236
10,-9941.739183
