# Model,f
2,-8383.391650
3,-8316.000323
4,-8164.712128
5,-8396.407715
6,-8473.030110
7,-8731.153034
8,-8819.215537
9,-9126.833568
10,-9190.176686
