# Model,f
2,-9287.260071
3,-8623.047793
4,-8453.085807
5,-8546.075012
6,-8753.216270
7,-8847.258083
8,-9052.139525
9,-9199.907977
10,-9375.050076
