# Model,f
2,-8382.379864
3,-8336.718792
4,-8189.803716
5,-8408.818612
6,-8457.356350
7,-8753.816676
8,-8940.847694
9,-9095.133982
10,-9221.594477
