# Model,f
2,-9818.412459
3,-9169.654540
4,-8886.561769
5,-8724.328633
6,-8956.884446
7,-9070.446798
8,-9390.370148
9,-9482.794828
10,-9613.526967
