# Model,f
2,-13059.708642
3,-12750.693200
4,-12612.333403
5,-12372.829836
6,-11966.510423
7,-11733.934174
8,-11241.715690
9,-11593.081789
10,-11144.279152
