# Model,f
2,-11567.622649
3,-10951.692103
4,-10759.172886
5,-10565.968456
6,-10373.756368
7,-10499.349287
8,-10502.606731
9,-10611.261302
10,-10927.375253
