# Model,f
2,-11629.080528
3,-10954.378772
4,-10597.319554
5,-10346.670463
6,-10188.246561
7,-9943.510961
8,-9954.095393
9,-10256.749894
10,-10331.749314
