# Model,f
2,-10977.574859
3,-10605.257414
4,-10226.399354
5,-9982.899122
6,-9935.507116
7,-9925.076557
8,-10232.449538
9,-10384.323782
10,-10521.471911
