# Model,f
2,-12300.422051
3,-11628.935631
4,-11000.173620
5,-10429.720926
6,-9894.145012
7,-9762.900086
8,-9474.120881
9,-9613.783374
10,-10039.072201
