# Model,f
2,-10419.278487
3,-10094.343041
4,-9739.725448
5,-9470.655594
6,-9570.765699
7,-9722.419317
8,-10006.350509
9,-10254.681770
10,-10394.404731
