# Model,f
2,-10827.117129
3,-10036.976331
4,-9817.746698
5,-9631.677494
6,-9523.121709
7,-9483.407954
8,-9241.926891
9,-9812.632968
10,-9878.336684
