# Model,f
2,-11822.909699
3,-11590.562721
4,-11391.486644
5,-11076.874136
6,-10615.054754
7,-10079.181321
8,-10076.088244
9,-10125.527346
10,-10174.714702
