# Model,f
2,-8298.553965
3,-8169.685703
4,-8048.016858
5,-8314.603847
6,-8302.944611
7,-8487.723896
8,-8722.505520
9,-8878.757010
10,-9023.816370
