# Model,f
2,-8383.851196
3,-8297.707859
4,-8169.839630
5,-8316.196854
6,-8531.494422
7,-8716.564661
8,-8852.588541
9,-9065.138340
10,-9208.641350
