# Model,f
2,-11869.284377
3,-11386.114826
4,-10840.914772
5,-10564.382247
6,-10369.501520
7,-10179.883512
8,-10242.920866
9,-10412.618655
10,-10846.486220
