# Model,f
2,-11482.409722
3,-10767.711895
4,-10068.054569
5,-9916.239979
6,-9682.952799
7,-9513.735776
8,-10010.559421
9,-9988.000696
10,-10265.364449
