# Model,f
2,-11481.376434
3,-11259.661903
4,-11039.203603
5,-10738.352190
6,-10536.505851
7,-11050.127576
8,-11211.421665
9,-11278.817113
10,-11438.842534
