# Model,f
2,-11457.478315
3,-11218.688609
4,-10862.361832
5,-10674.080934
6,-10462.999057
7,-10440.278537
8,-10531.026386
9,-10703.335948
10,-10784.754146
