# Model,f
2,-13366.893832
3,-13123.722510
4,-12960.888573
5,-12693.437734
6,-12289.588771
7,-12025.840080
8,-11654.170163
9,-11724.236517
10,-12366.514955
