# Model,f
2,-8382.682607
3,-8298.126922
4,-8182.344794
5,-8386.587529
6,-8457.028649
7,-8756.208934
8,-8959.812462
9,-9092.218462
10,-9273.199649
