# Model,f
2,-8397.504867
3,-8162.969177
4,-8154.922373
5,-8287.361174
6,-8470.693780
7,-8646.104648
8,-8760.662222
9,-8966.507417
10,-9107.884403
