# Model,f
2,-9258.371809
3,-8779.208862
4,-8567.925213
5,-8679.945697
6,-8854.128712
7,-9024.377545
8,-9193.653982
9,-9440.816171
10,-9537.244418
