# Model,f
2,-8382.179279
3,-8305.507985
4,-8165.875257
5,-8313.183033
6,-8478.053038
7,-8664.992873
8,-8849.781269
9,-8972.844510
10,-9217.985783
