# Model,f
2,-9610.167197
3,-9338.235332
4,-9193.607808
5,-9349.608810
6,-9537.315841
7,-9885.957147
8,-10059.327442
9,-10312.742772
10,-10411.486764
