# Model,f
2,-8383.854237
3,-8296.845628
4,-8198.403310
5,-8437.257598
6,-8586.375941
7,-8764.892841
8,-8880.447702
9,-9061.332306
10,-9240.687457
