# Model,f
2,-11819.470350
3,-11259.624837
4,-10867.010056
5,-10699.563737
6,-10510.729292
7,-10518.241222
8,-10492.648057
9,-10779.687223
10,-10883.256073
