# Model,f
2,-11593.775278
3,-11483.233276
4,-11372.746707
5,-11128.384381
6,-10770.256385
7,-10910.882151
8,-11358.866303
9,-11416.497740
10,-11571.091977
