# Model,f
2,-11551.062646
3,-10968.467115
4,-10541.457849
5,-10082.647378
6,-9714.123703
7,-9595.578860
8,-9614.671113
9,-9629.861435
10,-9871.045120
