# Model,f
2,-11115.112163
3,-10771.894610
4,-10452.705336
5,-10147.951876
6,-9800.669962
7,-9925.942841
8,-10119.088937
9,-10328.276876
10,-10849.127390
