# Model,f
2,-10718.745690
3,-9740.309553
4,-9279.459748
5,-8819.681766
6,-8698.849348
7,-8796.934752
8,-8837.487260
9,-8970.989339
10,-9310.879511
