# Model,f
2,-12759.853701
3,-12567.879453
4,-12347.681726
5,-12105.590053
6,-11807.331612
7,-11603.269170
8,-11549.924414
9,-11191.916396
10,-11822.074177
