# Model,f
2,-10629.303408
3,-10212.865182
4,-10098.691968
5,-9901.869021
6,-9920.149488
7,-9897.398210
8,-10031.557320
9,-10476.335091
10,-10592.231406
