# Model,f
2,-13016.316026
3,-12613.987290
4,-12390.219717
5,-12150.619246
6,-11825.292939
7,-11647.900030
8,-11159.627287
9,-11526.519368
10,-11454.426750
