# Model,f
2,-11178.214356
3,-10389.517950
4,-10242.570093
5,-9992.556189
6,-9719.041946
7,-9597.346830
8,-9879.405228
9,-10051.014609
10,-10369.562216
