# Model,f
2,-9070.781110
3,-8917.155864
4,-9064.767571
5,-9350.906280
6,-9544.079778
7,-9809.181457
8,-9989.725882
9,-10156.593309
10,-10496.692675
