# Model,f
2,-8410.579407
3,-8340.798749
4,-8487.266898
5,-8693.123629
6,-8870.200518
7,-9085.447661
8,-9245.825265
9,-9434.135295
10,-9526.173032
