# Model,f
2,-10474.454487
3,-10068.460578
4,-9557.095442
5,-9543.661741
6,-9643.161751
7,-9776.074085
8,-9969.306262
9,-10169.574375
10,-10235.157806
