# Model,f
2,-10622.742241
3,-10243.585493
4,-9955.057904
5,-9813.945481
6,-9959.984688
7,-10194.315470
8,-10261.902134
9,-10569.661885
10,-10737.232791
