# Model,f
2,-11676.813801
3,-10677.082294
4,-10259.100613
5,-9959.645052
6,-9675.653307
7,-9507.855461
8,-9395.174042
9,-9650.072645
10,-9676.431151
