# Model,f
2,-11687.745551
3,-10692.530152
4,-10270.656459
5,-9973.718938
6,-9681.420007
7,-9510.702942
8,-9396.170566
9,-9652.122293
10,-9678.109517
