# Model,f
2,-10698.255158
3,-9889.756559
4,-9366.976245
5,-8866.763021
6,-8783.388348
7,-8917.045753
8,-9033.761936
9,-9171.047232
10,-9326.875094
