# Model,f
2,-11050.021591
3,-10614.587513
4,-10122.978368
5,-9979.409956
6,-9843.835298
7,-9737.880163
8,-10052.248995
9,-10065.481596
10,-10312.929500
