# Model,f
2,-9072.510973
3,-8891.780943
4,-9044.167160
5,-9276.578204
6,-9492.584368
7,-9745.120711
8,-9928.958904
9,-10229.430805
10,-10358.725651
