# Model,f
2,-7343.335085
3,-7048.876582
4,-7126.019721
5,-7339.176549
6,-7481.259592
7,-7647.684650
8,-7839.962670
9,-7974.316710
10,-8100.351858
