# Model,f
2,-11582.577684
3,-11470.117314
4,-11278.649465
5,-11041.954506
6,-10671.784157
7,-11030.134274
8,-11156.228392
9,-11595.031433
10,-11834.196709
