# Model,f
2,-11837.961823
3,-11061.615831
4,-10698.628638
5,-10393.862632
6,-9994.135424
7,-9684.147809
8,-9464.156650
9,-9861.632746
10,-9860.560893
