# Model,f
2,-9304.182459
3,-8919.630916
4,-8475.667127
5,-8359.915893
6,-8404.629285
7,-8561.279243
8,-8750.312723
9,-8938.485880
10,-9091.273421
