# Model,f
2,-10404.512911
3,-10124.297827
4,-9921.304079
5,-9670.275144
6,-9818.322160
7,-10249.726210
8,-10335.611132
9,-10605.370463
10,-10790.088888
