# Model,f
2,-11732.924748
3,-11471.277201
4,-11307.073714
5,-11010.494139
6,-10577.738319
7,-10392.588456
8,-10607.141184
9,-11140.142289
10,-11373.461155
