# Model,f
2,-8382.703186
3,-8298.305640
4,-8205.481804
5,-8283.447014
6,-8457.430017
7,-8690.180533
8,-8879.309579
9,-8997.626670
10,-9220.019018
