# Model,f
2,-9995.458330
3,-9689.178257
4,-9555.953069
5,-9687.940713
6,-9926.128730
7,-10132.382558
8,-10337.915517
9,-10635.900592
10,-10715.893138
