# Model,f
2,-12205.093111
3,-12032.417096
4,-11832.704981
5,-11411.527381
6,-11209.345049
7,-10814.660554
8,-11392.413117
9,-11691.386267
10,-11811.198934
