# Model,f
2,-9071.073712
3,-8890.804612
4,-9043.728503
5,-9264.770223
6,-9496.889027
7,-9720.372553
8,-10009.692039
9,-10191.237846
10,-10375.904324
