# Model,f
2,-8724.486037
3,-8515.547517
4,-8690.607380
5,-8905.988790
6,-9108.439381
7,-9306.066884
8,-9494.985347
9,-9789.845396
10,-9823.519181
