# Model,f
2,-12581.835593
3,-11888.552690
4,-11211.923229
5,-10673.977086
6,-10270.300206
7,-9725.066111
8,-9612.027239
9,-9646.502091
10,-9609.529924
