# Model,f
2,-9892.055443
3,-9589.227622
4,-9463.759793
5,-9300.254501
6,-9394.076040
7,-9775.647807
8,-9866.033969
9,-10035.954392
10,-10212.922396
