# Model,f
2,-12059.918727
3,-11204.227608
4,-10379.986538
5,-9808.939075
6,-9593.252474
7,-9290.020004
8,-9378.591702
9,-9452.388802
10,-9656.534580
