# Model,f
2,-13007.465216
3,-12418.555598
4,-11944.260843
5,-11518.517350
6,-11193.785120
7,-10760.737705
8,-10615.145647
9,-10341.967237
10,-10321.828111
