# Model,f
2,-8383.826794
3,-8316.160413
4,-8169.614072
5,-8347.276940
6,-8450.459925
7,-8769.968270
8,-8900.333856
9,-9020.550723
10,-9249.894036
