# Model,f
2,-9298.791832
3,-9251.325614
4,-9067.927787
5,-9224.943440
6,-9514.531908
7,-9648.304449
8,-9795.305599
9,-10125.146810
10,-10170.922889
