# Model,f
2,-11731.485943
3,-11354.486799
4,-10921.865485
5,-10590.722666
6,-10078.169322
7,-10163.280391
8,-10329.272845
9,-10226.394848
10,-10574.273252
