# Model,f
2,-11971.447417
3,-11771.212748
4,-11520.340198
5,-11283.473176
6,-10827.506690
7,-11152.078447
8,-11373.390960
9,-11295.811058
10,-11594.771134
