# Model,f
2,-12353.511674
3,-12118.081732
4,-11813.245387
5,-11471.790551
6,-10994.248012
7,-10836.234745
8,-10724.801869
9,-10701.754850
10,-10963.512374
