# Model,f
2,-8393.920069
3,-8323.912241
4,-8163.584430
5,-8264.959001
6,-8446.579564
7,-8634.501029
8,-8821.294394
9,-9080.412015
10,-9191.121706
