# Model,f
2,-9080.346732
3,-8680.300999
4,-8621.938367
5,-8769.518255
6,-8979.370775
7,-9143.937870
8,-9321.190183
9,-9484.212024
10,-9662.760103
