# Model,f
2,-9290.319232
3,-9090.859071
4,-8875.775827
5,-9028.597586
6,-9176.506382
7,-9384.342372
8,-9647.237774
9,-9877.140896
10,-9947.833766
