# Model,f
2,-8383.957775
3,-8331.730298
4,-8162.831816
5,-8264.524844
6,-8475.637990
7,-8701.631806
8,-8971.280699
9,-9044.714540
10,-9103.467497
