# Model,f
2,-9097.366183
3,-8858.942941
4,-9100.720261
5,-9313.603650
6,-9579.882655
7,-9749.520125
8,-10033.829991
9,-10341.065918
10,-10420.873640
