# Model,f
2,-9070.646242
3,-8892.881659
4,-9072.505644
5,-9286.292849
6,-9557.145631
7,-9832.591199
8,-9979.770302
9,-10192.520268
10,-10431.306121
