# Model,f
2,-10054.013187
3,-8863.731957
4,-8592.699189
5,-8403.998700
6,-8245.133780
7,-8353.401909
8,-8501.758002
9,-8631.721278
10,-8866.802152
