# Model,f
2,-11685.575326
3,-11321.679620
4,-11077.321013
5,-10798.402301
6,-10426.519400
7,-10226.418915
8,-10433.197717
9,-10783.426029
10,-10896.691696
