# Model,f
2,-10632.231739
3,-10424.161939
4,-10097.281465
5,-9898.217815
6,-10059.894804
7,-10269.374020
8,-10717.521918
9,-10806.040135
10,-11086.543105
