# Model,f
2,-10870.099319
3,-10069.591912
4,-9543.533281
5,-9145.694064
6,-9009.606201
7,-9009.641223
8,-9105.282830
9,-9247.927104
10,-9364.841178
