# Model,f
2,-9341.712912
3,-8706.296619
4,-8234.309793
5,-8322.001446
6,-8513.220524
7,-8653.108502
8,-8866.339327
9,-9049.275206
10,-9188.763373
