# Model,f
2,-8382.875535
3,-8296.417313
4,-8241.348237
5,-8330.815836
6,-8515.720890
7,-8663.955225
8,-8864.974530
9,-9010.854666
10,-9222.924234
