# Model,f
2,-8700.445540
3,-8633.686883
4,-8787.633745
5,-9031.650848
6,-9229.235761
7,-9469.723858
8,-9704.138862
9,-9869.343095
10,-9981.997156
