# Model,f
2,-9080.709909
3,-8891.114151
4,-9049.398610
5,-9274.442660
6,-9631.852320
7,-9863.990253
8,-10038.521078
9,-10161.632532
10,-10378.797205
