# Model,f
2,-9118.681306
3,-8875.994719
4,-9081.386396
5,-9326.091086
6,-9569.106005
7,-9768.265331
8,-9990.353006
9,-10166.565580
10,-10345.510289
