# Model,f
2,-9088.358052
3,-8896.957474
4,-9051.402964
5,-9401.379134
6,-9504.586261
7,-9888.718693
8,-9980.325108
9,-10301.558251
10,-10376.896313
