# Model,f
2,-10881.262543
3,-10111.002484
4,-9919.400029
5,-9800.427960
6,-9545.094193
7,-9314.798382
8,-9804.558621
9,-9629.759459
10,-9921.121842
