# Model,f
2,-8383.275988
3,-8315.981913
4,-8164.518665
5,-8329.598958
6,-8447.357487
7,-8654.000473
8,-8902.833525
9,-8990.382144
10,-9276.258762
