# Model,f
2,-9282.329006
3,-8609.739609
4,-8571.107733
5,-8583.039176
6,-8738.575597
7,-8918.383463
8,-9087.007888
9,-9241.248211
10,-9379.887474
