# Model,f
2,-10079.733863
3,-9454.762459
4,-9256.731420
5,-9146.990725
6,-9373.374313
7,-9529.601350
8,-9753.214640
9,-9956.756361
10,-10096.633810
