# Model,f
2,-8383.050888
3,-8301.165596
4,-8182.040377
5,-8343.436789
6,-8506.544410
7,-8717.680004
8,-8873.329307
9,-9098.041492
10,-9188.894995
