# Model,f
2,-9691.053858
3,-9509.623044
4,-9366.542886
5,-9525.554965
6,-9861.229671
7,-9966.741821
8,-10193.385713
9,-10455.254516
10,-10553.544555
