# Model,f
2,-10190.148474
3,-9404.463493
4,-9077.784922
5,-8759.006156
6,-8643.549434
7,-8703.574053
8,-8890.249317
9,-8967.705200
10,-9160.434142
