# Model,f
2,-9007.988681
3,-8680.801463
4,-8849.495815
5,-9069.963228
6,-9317.369052
7,-9580.654060
8,-9698.687769
9,-9905.441767
10,-10106.076319
