# Model,f
2,-9069.950570
3,-8893.915294
4,-9041.462137
5,-9288.119582
6,-9560.287695
7,-9707.300265
8,-10007.024881
9,-10282.022007
10,-10390.346116
