# Model,f
2,-11179.070055
3,-10895.645914
4,-10561.749099
5,-10187.092184
6,-10073.764862
7,-10274.695484
8,-10402.826529
9,-10927.804315
10,-10971.279160
