# Model,f
2,-11243.197021
3,-11037.608398
4,-10808.386132
5,-10425.035238
6,-10241.059053
7,-10354.777719
8,-10516.341944
9,-10719.859162
10,-10868.839819
