# Model,f
2,-12298.609249
3,-11540.177281
4,-11336.784806
5,-11139.856915
6,-10874.398857
7,-10586.569944
8,-10227.675671
9,-9867.585601
10,-10697.062281
