# Model,f
2,-9504.969563
3,-9158.189253
4,-9100.314388
5,-9189.079373
6,-9423.306809
7,-9649.684036
8,-9714.664268
9,-9923.854732
10,-10110.301397
