# Model,f
2,-8382.767541
3,-8330.798187
4,-8302.657307
5,-8268.803708
6,-8534.926468
7,-8650.188795
8,-8852.237836
9,-9094.145212
10,-9226.227144
