# Model,f
2,-12915.965211
3,-12306.793395
4,-11718.351148
5,-11142.089476
6,-10651.291244
7,-10362.493745
8,-10227.146622
9,-10074.195321
10,-10281.109406
