# Model,f
2,-12078.476323
3,-11897.383291
4,-11567.296307
5,-11328.077015
6,-10975.715445
7,-11098.516861
8,-10975.312563
9,-11431.089161
10,-11669.973533
