# Model,f
2,-12798.737469
3,-12400.167139
4,-11958.405210
5,-11701.361969
6,-11406.450220
7,-11069.782098
8,-10669.154550
9,-11046.019155
10,-10607.900721
