# Model,f
2,-10874.445316
3,-10369.913437
4,-10095.604102
5,-9799.598978
6,-9443.174492
7,-9421.710442
8,-9580.797045
9,-9708.862009
10,-9904.096878
