# Model,f
2,-9575.276575
3,-9356.026752
4,-9276.014736
5,-9337.435947
6,-9619.548447
7,-9722.956823
8,-9874.510806
9,-10072.934605
10,-10203.162640
