# Model,f
2,-8382.616000
3,-8294.608886
4,-8163.010148
5,-8276.239621
6,-8639.932576
7,-8726.076556
8,-8931.698714
9,-9056.700082
10,-9185.642758
