# Model,f
2,-12992.121768
3,-12467.784278
4,-11782.820363
5,-11190.666767
6,-10959.431938
7,-10743.263023
8,-10463.502572
9,-10748.399512
10,-10811.408589
