# Model,f
2,-10036.179479
3,-9813.495347
4,-9463.599452
5,-9296.631990
6,-9431.752554
7,-9606.362261
8,-9797.563231
9,-10023.011202
10,-10231.964776
