# Model,f
2,-11302.884653
3,-11124.936794
4,-10869.589725
5,-10668.363600
6,-10646.846514
7,-10773.294746
8,-10817.001993
9,-11189.857465
10,-11469.835031
