# Model,f
2,-12175.694919
3,-11758.382967
4,-11357.903000
5,-11143.902311
6,-10769.190122
7,-10672.080509
8,-10599.007774
9,-10536.767565
10,-10931.017004
