# Model,f
2,-9069.654373
3,-8891.610115
4,-9036.680090
5,-9338.556087
6,-9520.799301
7,-9777.223308
8,-9961.879319
9,-10143.349615
10,-10424.241282
