# Model,f
2,-8398.859101
3,-8384.347777
4,-8484.360352
5,-8727.336089
6,-8904.231528
7,-9058.137329
8,-9322.722803
9,-9451.548697
10,-9590.846711
