# Model,f
2,-11559.183524
3,-11066.683036
4,-10482.433127
5,-9727.589012
6,-9597.180176
7,-9439.120872
8,-9540.774555
9,-9714.127136
10,-9795.092818
