# Model,f
2,-10184.693237
3,-9471.043927
4,-9381.291654
5,-9215.359130
6,-9304.986924
7,-9687.771825
8,-9603.575731
9,-9857.595235
10,-9984.528458
