# Model,f
2,-8374.863684
3,-7619.909378
4,-7659.359686
5,-7831.825423
6,-8013.282382
7,-8159.697551
8,-8355.817338
9,-8462.208821
10,-8607.066130
