# Model,f
2,-9069.902893
3,-8891.922654
4,-9036.273172
5,-9264.490499
6,-9497.697093
7,-9794.921873
8,-10084.792650
9,-10173.879239
10,-10352.871230
