# Model,f
2,-10346.473190
3,-10045.388123
4,-9861.009505
5,-9745.584769
6,-9711.395514
7,-9857.922071
8,-10073.800610
9,-10148.366707
10,-10512.517459
