# Model,f
2,-12272.661947
3,-11513.464614
4,-10870.011362
5,-10395.246682
6,-10118.047559
7,-9792.519159
8,-9421.600240
9,-9642.965116
10,-9723.601428
