# Model,f
2,-12831.628018
3,-12374.484219
4,-12069.502742
5,-11667.052963
6,-11257.608993
7,-10902.339682
8,-10828.278593
9,-10776.131000
10,-10579.624142
