# Model,f
2,-8888.809257
3,-8695.424448
4,-8374.999712
5,-8489.874355
6,-8682.629718
7,-8865.109002
8,-8981.014879
9,-9300.274844
10,-9273.243916
