# Model,f
2,-8384.153456
3,-8307.670526
4,-8163.427774
5,-8328.167248
6,-8448.233527
7,-8796.384723
8,-8853.817059
9,-9024.526514
10,-9200.241853
