# Model,f
2,-10805.011516
3,-10324.950437
4,-9759.829829
5,-9205.549517
6,-9105.124490
7,-9199.018272
8,-9347.750598
9,-9774.980801
10,-9641.188653
