# Model,f
2,-9069.868514
3,-8891.103895
4,-9041.627245
5,-9285.225640
6,-9506.124353
7,-9910.367838
8,-10114.178953
9,-10204.297886
10,-10436.245445
