# Model,f
2,-8715.261304
3,-8676.151653
4,-8813.082067
5,-9045.717697
6,-9236.739511
7,-9486.871047
8,-9642.763299
9,-9837.566967
10,-9976.420041
