# Model,f
2,-8382.514924
3,-8332.018639
4,-8170.728096
5,-8375.906392
6,-8453.378187
7,-8847.350281
8,-8873.287529
9,-9118.583766
10,-9240.408398
