# Model,f
2,-9229.048332
3,-8884.467827
4,-8703.520758
5,-8934.794763
6,-9149.590383
7,-9284.843765
8,-9442.782662
9,-9652.666851
10,-9895.382289
