# Model,f
2,-10224.524734
3,-9535.374064
4,-8922.443476
5,-8524.928670
6,-8587.790485
7,-8717.590693
8,-8841.008988
9,-8999.677337
10,-9128.136838
