# Model,f
2,-10188.045491
3,-9781.680830
4,-9628.836818
5,-9538.332347
6,-9628.969803
7,-9915.157544
8,-10163.713879
9,-10314.555461
10,-10541.828229
