# Model,f
2,-11470.305440
3,-11353.482086
4,-11105.996151
5,-10865.560942
6,-10505.863637
7,-10407.973689
8,-10572.014820
9,-10762.656896
10,-11305.899631
