# Model,f
2,-12375.854338
3,-12001.725691
4,-11799.009056
5,-11500.344739
6,-11121.642665
7,-10934.179527
8,-10982.285818
9,-11168.926751
10,-11462.494008
