# Model,f
2,-8384.653330
3,-7822.497104
4,-7731.581185
5,-7861.901929
6,-8014.774690
7,-8206.545073
8,-8339.288872
9,-8446.505016
10,-8634.037840
