# Model,f
2,-8383.012695
3,-8298.457775
4,-8214.717765
5,-8293.872270
6,-8506.091711
7,-8662.388568
8,-8878.384113
9,-9042.337230
10,-9232.753450
