# Model,f
2,-9575.036801
3,-8855.887750
4,-8800.948638
5,-8883.725966
6,-9111.175731
7,-9231.846210
8,-9418.394479
9,-9607.808148
10,-9676.027810
