# Model,f
2,-8392.691874
3,-8294.582599
4,-8164.385013
5,-8320.865600
6,-8469.315912
7,-8771.213619
8,-8882.269207
9,-9032.166997
10,-9202.451042
