# Model,f
2,-11303.096112
3,-11091.960845
4,-10834.488140
5,-10494.801304
6,-10308.813051
7,-10501.049370
8,-10683.438645
9,-11141.742216
10,-11294.314766
