# Model,f
2,-11945.640697
3,-11609.681137
4,-11284.686713
5,-10792.198501
6,-10499.650443
7,-10473.375976
8,-10662.079659
9,-10931.325231
10,-11073.989756
