# Model,f
2,-12881.531881
3,-12401.546211
4,-11903.312645
5,-11580.799559
6,-11145.976202
7,-10614.681190
8,-10069.765416
9,-9966.017110
10,-10043.661924
