# Model,f
2,-9386.480685
3,-8674.066541
4,-8218.873672
5,-8137.963517
6,-8184.600914
7,-8356.811237
8,-8565.013315
9,-8733.344790
10,-8809.575072
