# Model,f
2,-10763.179375
3,-10426.808531
4,-10110.111932
5,-9918.438894
6,-9992.401595
7,-10140.447366
8,-10416.674466
9,-10557.170496
10,-10779.289142
