# Model,f
2,-10461.491460
3,-10070.295331
4,-9714.440335
5,-9445.947154
6,-9367.746497
7,-9367.162823
8,-9528.193504
9,-9825.473344
10,-10017.637937
