# Model,f
2,-11407.081879
3,-10929.875321
4,-10332.637727
5,-10007.981520
6,-9669.550458
7,-9450.463690
8,-9848.805832
9,-9750.751701
10,-9936.139598
