# Model,f
2,-12993.358127
3,-12697.221399
4,-12319.310345
5,-11961.640586
6,-11476.293971
7,-11040.650806
8,-11076.847475
9,-10879.178029
10,-10935.520049
