# Model,f
2,-9107.869037
3,-8905.095138
4,-9054.836478
5,-9314.673894
6,-9527.072360
7,-9817.980291
8,-10055.788902
9,-10269.905083
10,-10358.270965
