# Model,f
2,-9037.543072
3,-8739.314103
4,-8809.373087
5,-9012.724686
6,-9216.179639
7,-9385.925973
8,-9577.879478
9,-9783.727687
10,-10021.720589
