# Model,f
2,-10852.962204
3,-10167.637404
4,-9831.888398
5,-9655.371583
6,-9542.895794
7,-9743.576746
8,-9943.065582
9,-10002.822443
10,-10268.628207
