# Model,f
2,-10244.893352
3,-9501.838297
4,-8882.639905
5,-8763.789674
6,-8639.204108
7,-8848.395477
8,-8927.683601
9,-9069.626811
10,-9201.496563
