# Model,f
2,-9104.653102
3,-8957.934397
4,-9143.685682
5,-9415.749786
6,-9687.811463
7,-9989.918337
8,-10153.930106
9,-10408.691808
10,-10531.160216
