# Model,f
2,-9069.029415
3,-8900.523850
4,-9048.275219
5,-9295.562910
6,-9530.540887
7,-9869.115978
8,-10020.100826
9,-10222.334180
10,-10357.763666
