# Model,f
2,-10588.608559
3,-10113.819146
4,-9784.795273
5,-9425.839139
6,-9263.843433
7,-9388.286976
8,-9554.444147
9,-9810.803659
10,-10016.622186
