# Model,f
2,-9093.577052
3,-8891.782278
4,-9055.473050
5,-9320.474473
6,-9545.320684
7,-9715.148214
8,-10035.339690
9,-10201.553152
10,-10395.727788
