# Model,f
2,-8458.299613
3,-8257.643780
4,-8401.585124
5,-8628.662233
6,-8817.288321
7,-9026.249049
8,-9241.061187
9,-9427.828722
10,-9672.385199
