# Model,f
2,-12292.305493
3,-11911.123514
4,-11745.390088
5,-11528.724214
6,-11313.414933
7,-11029.853614
8,-10653.800982
9,-11038.151703
10,-11477.356816
