# Model,f
2,-12773.034059
3,-12142.390193
4,-11585.737905
5,-11351.441277
6,-11053.091393
7,-10859.999027
8,-10613.410143
9,-10770.754470
10,-10842.926453
