# Model,f
2,-12842.520192
3,-12182.234217
4,-11520.728704
5,-10814.300554
6,-10189.244694
7,-9892.555829
8,-9579.339189
9,-9605.431051
10,-9454.065684
