# Model,f
2,-10796.661325
3,-10541.651635
4,-10348.297351
5,-10272.458785
6,-10461.740309
7,-10530.664901
8,-10836.249939
9,-11214.167779
10,-11377.639435
