# Model,f
2,-8385.222147
3,-8305.532775
4,-8167.184749
5,-8283.337854
6,-8470.634255
7,-8657.662411
8,-8910.667424
9,-9103.849921
10,-9247.681521
