# Model,f
2,-9023.087421
3,-8922.872026
4,-8798.941158
5,-9009.407888
6,-9139.061756
7,-9362.425160
8,-9518.569050
9,-9708.454570
10,-9843.588453
