# Model,f
2,-12214.883503
3,-12058.137457
4,-11753.624696
5,-11461.366509
6,-11278.992374
7,-10928.463231
8,-11223.480521
9,-11679.879650
10,-11811.390472
