# Model,f
2,-10139.856155
3,-9390.596960
4,-9038.226881
5,-8840.401680
6,-8652.346419
7,-8868.409628
8,-8983.055750
9,-9138.452444
10,-9561.733772
