# Model,f
2,-9071.230907
3,-8994.490879
4,-9194.949935
5,-9351.257485
6,-9627.054816
7,-9780.395004
8,-10030.420414
9,-10342.206466
10,-10360.834673
