# Model,f
2,-8574.335925
3,-7855.592628
4,-7943.861018
5,-8121.108227
6,-8295.878532
7,-8476.548150
8,-8639.422635
9,-8767.316397
10,-8917.091488
