# Model,f
2,-9386.638569
3,-8986.302818
4,-8899.590555
5,-9030.146798
6,-9295.840960
7,-9423.459702
8,-9603.546311
9,-9743.569786
10,-9893.572607
