# Model,f
2,-8382.106321
3,-8307.684685
4,-8170.722631
5,-8281.717122
6,-8539.518447
7,-8748.926543
8,-8893.584397
9,-9058.959047
10,-9207.635159
