# Model,f
2,-12430.974288
3,-11813.741496
4,-11554.887625
5,-11381.730999
6,-11104.362826
7,-10976.865328
8,-10988.930365
9,-10838.880468
10,-11207.320819
