# Model,f
2,-8939.328464
3,-8602.067762
4,-8714.016626
5,-8967.086179
6,-9174.808231
7,-9367.343875
8,-9516.413338
9,-9638.952320
10,-9781.774432
