# Model,f
2,-9078.472003
3,-8894.267327
4,-9123.347231
5,-9307.779714
6,-9690.236345
7,-9879.698553
8,-10054.024303
9,-10293.848036
10,-10407.913191
