# Model,f
2,-7307.160268
3,-6925.746908
4,-6997.006402
5,-7172.040008
6,-7355.900396
7,-7525.849197
8,-7692.115706
9,-7801.410338
10,-7930.294711
