# Model,f
2,-9070.495771
3,-8891.272422
4,-9036.380643
5,-9340.421789
6,-9597.769251
7,-9820.785400
8,-10105.387851
9,-10248.157997
10,-10365.702952
