# Model,f
2,-8384.419593
3,-8295.434550
4,-8163.616092
5,-8278.555589
6,-8494.762653
7,-8704.636626
8,-8897.625263
9,-9033.755540
10,-9202.140321
