# Model,f
2,-9694.415154
3,-9542.164905
4,-9315.751349
5,-9466.319299
6,-9726.069288
7,-10005.830938
8,-10279.848472
9,-10469.813551
10,-10742.043093
