# Model,f
2,-11346.472430
3,-11044.371313
4,-10678.144334
5,-10496.930109
6,-10125.979997
7,-10314.901073
8,-10631.747027
9,-10853.429800
10,-10922.641303
