# Model,f
2,-8923.700817
3,-8571.921790
4,-8669.640497
5,-8873.419326
6,-9079.660012
7,-9258.021308
8,-9419.923069
9,-9619.887967
10,-9753.212488
