# Model,f
2,-9069.892318
3,-8891.724230
4,-9074.338599
5,-9316.773974
6,-9672.148008
7,-9807.703927
8,-10086.211762
9,-10205.079678
10,-10353.140783
