# Model,f
2,-11824.191670
3,-11030.427673
4,-10506.858604
5,-10130.653795
6,-9826.165030
7,-9614.470729
8,-9372.523497
9,-9585.370902
10,-9745.815491
