# Model,f
2,-10824.316365
3,-10613.474036
4,-10403.742044
5,-10163.790134
6,-10334.589687
7,-10604.095963
8,-10875.650179
9,-11063.852984
10,-11334.495719
