# Model,f
2,-8387.050023
3,-8303.446206
4,-8170.602059
5,-8279.471381
6,-8430.662109
7,-8660.134213
8,-8875.967925
9,-9022.400379
10,-9188.578306
