# Model,f
2,-9580.122209
3,-9180.949249
4,-9132.718712
5,-9286.543775
6,-9453.703191
7,-9648.849129
8,-9881.050877
9,-10046.965336
10,-10176.880811
