# Model,f
2,-8382.071633
3,-8306.778166
4,-8183.689283
5,-8328.497513
6,-8553.422553
7,-8682.259542
8,-8924.911711
9,-9013.417555
10,-9229.733385
