# Model,f
2,-9292.821674
3,-9194.613416
4,-9076.378515
5,-9198.848390
6,-9414.298506
7,-9593.309417
8,-9916.826596
9,-10024.143131
10,-10204.305758
