# Model,f
2,-9069.890213
3,-8891.814052
4,-9053.128963
5,-9253.279580
6,-9579.744661
7,-9747.159307
8,-9997.822523
9,-10100.892079
10,-10483.111971
