# Model,f
2,-7324.742034
3,-7167.610758
4,-7256.876075
5,-7419.045369
6,-7629.187065
7,-7810.375444
8,-7998.737087
9,-8079.306703
10,-8253.471045
