# Model,f
2,-10035.190142
3,-9916.988681
4,-9704.982972
5,-9881.359309
6,-10087.715685
7,-10433.563159
8,-10556.483775
9,-10803.049434
10,-10949.039690
