# Model,f
2,-8383.494269
3,-8296.249742
4,-8193.951156
5,-8304.922768
6,-8487.233098
7,-8666.766701
8,-8941.339979
9,-8970.063443
10,-9207.544431
