# Model,f
2,-12172.841730
3,-11614.808833
4,-11419.844862
5,-11187.001438
6,-10971.098673
7,-10589.194053
8,-10581.237694
9,-10107.852800
10,-10553.765289
