# Model,f
2,-9048.264929
3,-8945.661303
4,-9070.455798
5,-9259.942773
6,-9466.859137
7,-9682.619672
8,-9949.419052
9,-10049.818504
10,-10219.798522
