# Model,f
2,-9076.367919
3,-8912.512175
4,-9042.166113
5,-9296.343584
6,-9583.994756
7,-9843.898093
8,-10076.376409
9,-10227.977574
10,-10484.297719
