# Model,f
2,-9070.029830
3,-8895.042156
4,-9044.532226
5,-9282.762520
6,-9528.850237
7,-9751.732730
8,-10034.286439
9,-10216.271821
10,-10467.660396
