# Model,f
2,-8462.289160
3,-8300.068171
4,-8466.624469
5,-8698.656817
6,-8906.560932
7,-9133.963607
8,-9339.824582
9,-9580.226590
10,-9660.983095
