# Model,f
2,-11786.914182
3,-10998.694499
4,-10709.920019
5,-10356.630301
6,-10177.540489
7,-9996.186000
8,-9774.266516
9,-10047.756858
10,-10202.599851
