# Model,f
2,-9958.059251
3,-9242.167960
4,-9110.055724
5,-9032.409522
6,-9150.897348
7,-9318.868063
8,-9514.891897
9,-9772.370026
10,-9870.849930
