# Model,f
2,-9521.314191
3,-9224.590643
4,-9075.098875
5,-9246.435643
6,-9492.333513
7,-9802.847305
8,-9922.354987
9,-9985.982978
10,-10304.887199
