# Model,f
2,-8382.395619
3,-8332.622324
4,-8184.153692
5,-8415.873827
6,-8493.894835
7,-8690.265469
8,-8936.420855
9,-9129.204412
10,-9126.684893
