# Model,f
2,-12219.080964
3,-11813.215122
4,-11452.254728
5,-11073.984182
6,-10739.984155
7,-10404.182063
8,-10270.761169
9,-10048.795774
10,-10538.000447
