# Model,f
2,-8318.936051
3,-7824.566973
4,-7902.288224
5,-8086.815015
6,-8248.622594
7,-8408.183252
8,-8597.469786
9,-8728.055981
10,-8882.484567
