# Model,f
2,-9069.709921
3,-8891.560378
4,-9078.056968
5,-9290.886416
6,-9498.619569
7,-9747.877170
8,-10002.949183
9,-10199.977642
10,-10487.335382
