# Model,f
2,-11363.888755
3,-10970.846853
4,-10484.056480
5,-10032.437870
6,-9954.523443
7,-9972.632321
8,-10360.328464
9,-10343.090186
10,-10604.020029
