# Model,f
2,-11981.209726
3,-11742.322159
4,-11414.735148
5,-11054.424846
6,-10662.472254
7,-10472.459654
8,-10672.689127
9,-10678.521786
10,-11044.891476
