# Model,f
2,-13269.683851
3,-12986.889810
4,-12801.337882
5,-12519.586752
6,-12307.390505
7,-11762.625734
8,-11680.916595
9,-11042.744365
10,-11669.404932
