# Model,f
2,-12843.612813
3,-12250.029490
4,-11589.686543
5,-10882.944291
6,-10324.192316
7,-9988.667507
8,-9833.349611
9,-9610.775188
10,-9705.718991
