# Model,f
2,-11466.744057
3,-11206.791698
4,-10815.013979
5,-10529.223676
6,-10323.619395
7,-10330.775233
8,-10612.385186
9,-10814.688653
10,-11028.609867
