# Model,f
2,-12597.770887
3,-11868.989322
4,-11073.455168
5,-10692.571058
6,-10398.226017
7,-10038.038517
8,-9617.415483
9,-9615.510545
10,-9500.515524
