# Model,f
2,-13086.570190
3,-12677.037127
4,-12409.953013
5,-12094.929845
6,-11880.070382
7,-11632.312550
8,-11244.246683
9,-11392.209773
10,-11500.602703
