# Model,f
2,-9291.060115
3,-8594.623331
4,-8560.322786
5,-8572.648968
6,-8535.081775
7,-8883.235107
8,-8979.343075
9,-9117.650063
10,-9261.812688
