# Model,f
2,-8158.074036
3,-8044.870018
4,-8217.398346
5,-8403.123667
6,-8567.619618
7,-8790.151852
8,-8932.964069
9,-9123.045450
10,-9221.102446
