# Model,f
2,-11863.008786
3,-11054.732321
4,-10819.455604
5,-10606.344325
6,-10421.249415
7,-10205.634615
8,-9790.781702
9,-10159.325696
10,-10361.216498
