# Model,f
2,-9085.481129
3,-8891.467019
4,-9045.894646
5,-9286.460950
6,-9517.669327
7,-9695.095706
8,-9975.221957
9,-10098.048991
10,-10422.578506
