# Model,f
2,-9153.389997
3,-8974.202874
4,-9085.166086
5,-9344.394477
6,-9601.742818
7,-9916.714986
8,-10062.706925
9,-10312.217876
10,-10537.304139
