# Model,f
2,-9511.915034
3,-9134.058508
4,-9096.180811
5,-9192.889890
6,-9419.284520
7,-9600.570250
8,-9755.373102
9,-9931.340492
10,-10035.865279
