# Model,f
2,-8383.396985
3,-8297.090021
4,-8179.503893
5,-8298.743167
6,-8512.357971
7,-8683.872423
8,-8886.156849
9,-9031.990374
10,-9254.542104
