# Model,f
2,-11410.140570
3,-11095.044443
4,-10778.475342
5,-10381.521028
6,-10181.180775
7,-10285.844268
8,-10428.438826
9,-10558.683468
10,-10992.154282
