# Model,f
2,-12676.224466
3,-12269.526540
4,-11744.001574
5,-11483.442142
6,-11147.878103
7,-10975.611832
8,-10842.258011
9,-10971.299501
10,-10945.651660
