# Model,f
2,-12111.958218
3,-11368.701170
4,-10620.287733
5,-10097.003047
6,-9856.048847
7,-9608.224149
8,-9617.723475
9,-9581.208207
10,-9799.979210
