# Model,f
2,-8667.482725
3,-8398.396858
4,-8542.210384
5,-8746.072962
6,-8951.424536
7,-9161.286106
8,-9350.312241
9,-9655.626720
10,-9830.868197
