# Model,f
2,-9072.084812
3,-8891.627960
4,-9048.848822
5,-9276.008457
6,-9506.579913
7,-9806.845022
8,-9920.793837
9,-10145.153081
10,-10394.212513
