# Model,f
2,-10941.121728
3,-10315.775387
4,-9704.376948
5,-9433.418619
6,-9159.143966
7,-9143.968401
8,-9252.343699
9,-9408.813450
10,-9629.715846
