# Model,f
2,-8384.832457
3,-8294.326788
4,-8243.899784
5,-8333.131827
6,-8468.016583
7,-8747.340914
8,-8843.819165
9,-9101.538887
10,-9186.226025
