# Model,f
2,-8434.572718
3,-8181.122182
4,-7898.619473
5,-7993.394125
6,-8146.827021
7,-8325.968700
8,-8518.640515
9,-8679.411736
10,-8829.537510
