# Model,f
2,-11927.101416
3,-11658.311054
4,-11350.843916
5,-11148.116857
6,-10771.435252
7,-10990.137557
8,-10987.291420
9,-10947.567993
10,-11321.299618
