# Model,f
2,-12293.686047
3,-11741.792783
4,-11393.783343
5,-11036.974383
6,-10752.609092
7,-10506.537106
8,-10365.581736
9,-10466.713694
10,-10877.998572
