# Model,f
2,-13268.489909
3,-13021.353418
4,-12781.867124
5,-12502.480487
6,-12207.657897
7,-11904.896392
8,-11510.174182
9,-11774.141173
10,-11293.465220
