# Model,f
2,-10368.739931
3,-10146.076959
4,-9891.185481
5,-9813.941070
6,-9886.713630
7,-10110.263569
8,-10385.900676
9,-10801.694952
10,-10922.836580
