# Model,f
2,-10845.808634
3,-10524.603842
4,-10212.614627
5,-9848.579244
6,-9786.172507
7,-9876.650484
8,-9924.123362
9,-10247.119036
10,-10337.000708
