# Model,f
2,-12326.648912
3,-11390.820398
4,-10838.107090
5,-10343.665427
6,-10051.827853
7,-9729.692824
8,-9588.259593
9,-9672.551226
10,-9816.128887
