# Model,f
2,-10292.815884
3,-9982.122921
4,-9546.982768
5,-9419.731661
6,-9438.991752
7,-9471.769025
8,-9561.855102
9,-9854.619527
10,-9938.656910
