# Model,f
2,-10813.714692
3,-10571.873958
4,-10259.120203
5,-10016.416489
6,-9698.212257
7,-9765.923746
8,-9947.963191
9,-10219.924049
10,-10400.556171
