# Model,f
2,-8383.514137
3,-8308.458114
4,-8319.642133
5,-8267.152995
6,-8466.266253
7,-8767.731910
8,-8866.756547
9,-8960.925151
10,-9252.646630
