# Model,f
2,-8302.894562
3,-8142.754251
4,-7898.809288
5,-8017.659761
6,-8182.291464
7,-8352.800463
8,-8658.508311
9,-8690.551078
10,-8959.516553
