# Model,f
2,-10438.673227
3,-10021.841381
4,-9489.973039
5,-9284.087100
6,-9433.525386
7,-9677.412714
8,-9897.115054
9,-9948.648718
10,-10247.345683
