# Model,f
2,-12122.426078
3,-11443.908732
4,-10995.137925
5,-10556.291157
6,-10051.912901
7,-9704.663236
8,-9507.601678
9,-9455.771032
10,-9726.531276
