# Model,f
2,-11297.283109
3,-10982.345283
4,-10727.915523
5,-10431.442437
6,-10244.056803
7,-10618.719722
8,-10712.888324
9,-11135.994916
10,-11407.499662
