# Model,f
2,-9085.291268
3,-8904.554249
4,-9066.764301
5,-9274.251432
6,-9728.729261
7,-9727.483470
8,-9894.335104
9,-10165.065617
10,-10483.985857
