# Model,f
2,-8650.894855
3,-8579.556260
4,-8757.349305
5,-8939.918549
6,-9142.117138
7,-9325.894863
8,-9458.746926
9,-9722.378639
10,-9814.439137
