# Model,f
2,-8382.769266
3,-8300.336217
4,-8176.286318
5,-8368.372341
6,-8468.922329
7,-8754.434223
8,-8815.643412
9,-9054.098394
10,-9230.082393
