# Model,f
2,-9984.066790
3,-9853.020627
4,-9697.855934
5,-9924.334066
6,-10086.424006
7,-10345.826271
8,-10651.671834
9,-10848.963043
10,-10991.000560
