# Model,f
2,-10343.812701
3,-10016.966046
4,-9841.114817
5,-9866.128563
6,-9883.882303
7,-10070.233395
8,-10311.525705
9,-10463.524014
10,-10742.444835
