# Model,f
2,-8382.223716
3,-8312.773470
4,-8168.899090
5,-8290.916962
6,-8508.248244
7,-8710.588139
8,-8904.009806
9,-9071.378948
10,-9199.614481
