# Model,f
2,-8694.522380
3,-8528.505223
4,-8445.568124
5,-8538.938683
6,-8718.363488
7,-8887.479083
8,-9132.518949
9,-9249.798092
10,-9404.147312
