# Model,f
2,-11476.154158
3,-10704.451635
4,-10427.884853
5,-10055.117171
6,-9799.827517
7,-9720.707941
8,-9591.686289
9,-9748.328864
10,-9892.760570
