# Model,f
2,-12370.068357
3,-11447.781994
4,-10704.357968
5,-9976.023381
6,-9432.024270
7,-9061.257721
8,-8958.010167
9,-8896.759757
10,-8950.528649
