# Model,f
2,-12469.525704
3,-12058.988106
4,-11619.007243
5,-11212.421414
6,-10822.019713
7,-10282.536501
8,-10065.131810
9,-9860.914069
10,-10054.119675
