# Model,f
2,-11330.840833
3,-11008.320444
4,-10718.370724
5,-10523.938567
6,-10257.809655
7,-10470.845662
8,-10713.382092
9,-11049.179058
10,-11169.797367
