# Model,f
2,-11314.634920
3,-11155.232744
4,-10926.654060
5,-10794.763204
6,-10400.607795
7,-10527.588288
8,-10851.955714
9,-11241.921494
10,-11304.683200
