# Model,f
2,-10101.508469
3,-9435.319274
4,-8793.831254
5,-8488.700133
6,-8434.660728
7,-8553.501738
8,-8646.028744
9,-8744.487624
10,-8854.447769
