# Model,f
2,-12333.210077
3,-11548.154776
4,-10824.247319
5,-10641.339248
6,-10350.309294
7,-10058.382670
8,-9851.053385
9,-9911.290902
10,-9796.014518
