# Model,f
2,-9930.456689
3,-9590.317110
4,-9289.786907
5,-8945.299656
6,-8943.870145
7,-9026.949978
8,-9093.548026
9,-9278.813246
10,-9462.931316
