# Model,f
2,-12896.296894
3,-12680.625750
4,-12483.867666
5,-12301.464420
6,-12049.267435
7,-11756.018828
8,-11758.226472
9,-11646.838712
10,-11757.764423
