# Model,f
2,-10130.149131
3,-9650.360891
4,-9328.279584
5,-9151.953743
6,-8970.854203
7,-9172.190395
8,-9400.359094
9,-9630.225468
10,-9632.162571
