# Model,f
2,-9691.658104
3,-9300.171046
4,-8838.846126
5,-8906.208891
6,-9057.084469
7,-9243.778543
8,-9417.990070
9,-9555.985738
10,-9709.722652
