# Model,f
2,-8382.888733
3,-8304.857391
4,-8177.100698
5,-8281.817928
6,-8568.276310
7,-8759.247911
8,-8836.906243
9,-9012.519029
10,-9292.056814
