# Model,f
2,-11933.591066
3,-11381.796736
4,-10849.299845
5,-10314.865521
6,-10141.297577
7,-9971.372790
8,-9982.207892
9,-10176.477402
10,-10280.015785
