# Model,f
2,-10016.316005
3,-9853.742357
4,-9607.144121
5,-9489.848657
6,-9599.146315
7,-9866.372482
8,-10038.421236
9,-10358.982545
10,-10605.009545
