# Model,f
2,-13273.019521
3,-12851.960814
4,-12445.968668
5,-12058.125185
6,-11556.638979
7,-11379.805453
8,-11190.067301
9,-10834.853230
10,-11073.300529
