# Model,f
2,-8619.595227
3,-8568.020603
4,-8718.369663
5,-8900.162010
6,-9080.927776
7,-9312.838697
8,-9502.229439
9,-9672.863329
10,-9822.281579
