# Model,f
2,-9069.938549
3,-8894.470232
4,-9056.899110
5,-9305.140125
6,-9493.212181
7,-9779.575664
8,-10020.502511
9,-10173.176713
10,-10418.092149
