# Model,f
2,-10526.235088
3,-10389.935556
4,-10170.339989
5,-10008.898321
6,-10216.256005
7,-10449.284212
8,-10664.663951
9,-10915.760834
10,-11200.760108
