# Model,f
2,-12005.830843
3,-11843.045451
4,-11619.399803
5,-11370.283008
6,-11115.073491
7,-11034.792443
8,-10590.206972
9,-11156.617728
10,-11280.968856
