# Model,f
2,-8357.464164
3,-8282.786431
4,-8168.438654
5,-8381.276644
6,-8638.463932
7,-8713.682958
8,-8918.108159
9,-9119.503751
10,-9274.464205
