# Model,f
2,-8383.152321
3,-8314.098631
4,-8215.954015
5,-8432.971023
6,-8600.470253
7,-8729.005542
8,-8862.757868
9,-9040.253521
10,-9235.518957
