# Model,f
2,-11093.421069
3,-10606.986817
4,-10114.605001
5,-9755.851707
6,-9618.889480
7,-9835.934407
8,-10010.343752
9,-10300.925661
10,-10717.394813
