# Model,f
2,-12372.188801
3,-11867.624577
4,-11240.235650
5,-10617.591364
6,-10250.794120
7,-9907.563250
8,-9544.476845
9,-9721.335983
10,-9783.486616
