# Model,f
2,-9710.934597
3,-9523.811060
4,-9333.251806
5,-9533.071891
6,-9811.857330
7,-10064.036249
8,-10235.842858
9,-10587.176069
10,-10773.595812
