# Model,f
2,-8399.578592
3,-8294.656954
4,-8206.656927
5,-8295.171810
6,-8465.259274
7,-8740.679086
8,-8810.732031
9,-8997.058682
10,-9170.795272
