# Model,f
2,-12908.442655
3,-12528.102082
4,-12162.742397
5,-11646.012064
6,-11331.064660
7,-10977.680018
8,-10758.721572
9,-10693.878805
10,-10633.274141
