# Model,f
2,-12028.299790
3,-11268.127159
4,-10653.233567
5,-10490.494779
6,-10272.408958
7,-10190.639801
8,-9957.917466
9,-10211.893419
10,-10054.588222
