# Model,f
2,-12280.495147
3,-11632.058739
4,-11060.171041
5,-10483.018057
6,-10194.302234
7,-9813.801763
8,-9620.992443
9,-9870.256025
10,-9788.410718
