# Model,f
2,-10293.780823
3,-9983.399873
4,-9703.751938
5,-9498.675643
6,-9630.188257
7,-9782.745154
8,-10026.906661
9,-10378.961938
10,-10555.275338
