# Model,f
2,-12637.288033
3,-12015.937895
4,-11655.869919
5,-11221.973333
6,-10928.839051
7,-10622.666157
8,-10187.851696
9,-10316.663632
10,-10443.120507
