# Model,f
2,-11231.184184
3,-11022.078042
4,-10746.536843
5,-10424.290909
6,-10224.340355
7,-10737.335359
8,-10816.280828
9,-10875.666831
10,-11312.935878
