# Model,f
2,-11966.785855
3,-11632.893885
4,-11311.650012
5,-10927.096227
6,-10705.797380
7,-10370.597092
8,-10385.811551
9,-10526.652865
10,-10665.209443
