# Model,f
2,-10803.098748
3,-10182.170598
4,-9822.676547
5,-9364.282598
6,-8893.863353
7,-8942.441207
8,-9038.016303
9,-9183.805063
10,-9328.713679
