# Model,f
2,-12106.802671
3,-11821.938780
4,-11502.975468
5,-11113.031802
6,-10648.658600
7,-10426.483926
8,-10434.938504
9,-10562.189365
10,-10808.737592
