# Model,f
2,-9991.936816
3,-9686.032168
4,-9382.021362
5,-9350.029246
6,-9477.863917
7,-9571.977703
8,-9845.877044
9,-9888.643550
10,-10120.988949
