# Model,f
2,-12654.861202
3,-11938.176364
4,-11708.818171
5,-11330.701210
6,-10934.580829
7,-10529.240888
8,-10463.269120
9,-10229.452430
10,-10073.012763
