# Model,f
2,-8401.561478
3,-8296.777949
4,-8165.240738
5,-8305.633686
6,-8478.419115
7,-8725.171101
8,-8936.568167
9,-9021.850620
10,-9206.772781
