# Model,f
2,-9890.259031
3,-9339.483043
4,-8965.516886
5,-9033.674991
6,-9201.969198
7,-9385.155813
8,-9512.841751
9,-9757.378780
10,-9839.077072
