# Model,f
2,-12142.387782
3,-12069.748136
4,-11952.101933
5,-11764.429913
6,-11544.687563
7,-11117.006684
8,-10963.032589
9,-11108.105222
10,-10951.748315
