# Model,f
2,-10046.653031
3,-9321.920799
4,-9238.629107
5,-9141.323346
6,-9243.376248
7,-9432.517845
8,-9602.038474
9,-9846.212199
10,-9982.726498
