# Model,f
2,-8385.320950
3,-8294.434025
4,-8214.672152
5,-8310.546617
6,-8470.370016
7,-8684.625489
8,-8935.104346
9,-9107.586488
10,-9229.380786
