# Model,f
2,-9789.900526
3,-9490.313365
4,-9177.097582
5,-9313.986700
6,-9511.389831
7,-9707.691769
8,-9897.172430
9,-10120.880861
10,-10398.850282
