# Model,f
2,-9106.220126
3,-8892.028827
4,-9036.393777
5,-9301.278185
6,-9548.516447
7,-9767.938576
8,-10071.238939
9,-10213.299114
10,-10328.089904
