# Model,f
2,-7297.566453
3,-7281.145313
4,-7394.240241
5,-7578.693236
6,-7814.012091
7,-7971.282614
8,-8116.620457
9,-8309.823087
10,-8414.468817
