# Model,f
2,-12329.815062
3,-11590.183094
4,-11028.085042
5,-10564.057234
6,-10243.984338
7,-10010.560906
8,-9780.464133
9,-9866.066910
10,-9602.372620
