# Model,f
2,-10576.195157
3,-10328.655916
4,-9950.641893
5,-9788.407108
6,-9662.192119
7,-9800.165460
8,-10109.260800
9,-10215.109527
10,-10477.966656
