# Model,f
2,-8942.274026
3,-8785.261908
4,-8941.023343
5,-9178.477694
6,-9373.278105
7,-9729.771996
8,-9855.401016
9,-10093.635298
10,-10301.054646
