# Model,f
2,-9068.519961
3,-8891.844853
4,-9043.544686
5,-9279.219876
6,-9550.777269
7,-9739.589324
8,-9931.446344
9,-10129.895287
10,-10304.108359
