# Model,f
2,-9694.503828
3,-9209.282797
4,-9175.509812
5,-9329.221550
6,-9491.655024
7,-9699.791625
8,-9857.898715
9,-10037.715799
10,-10151.255523
