# Model,f
2,-8381.586330
3,-8295.547219
4,-8310.184114
5,-8311.665652
6,-8485.558969
7,-8665.969084
8,-8870.150484
9,-9039.292360
10,-9194.314140
