# Model,f
2,-10260.702095
3,-9888.169917
4,-9486.117694
5,-9379.626838
6,-9409.933113
7,-9606.549449
8,-9757.040498
9,-9876.546808
10,-10111.935201
