# Model,f
2,-9072.067174
3,-8890.897426
4,-9042.741039
5,-9310.261686
6,-9575.712698
7,-9750.683678
8,-9982.163676
9,-10210.681943
10,-10295.043639
