# Model,f
2,-9058.525625
3,-8696.751159
4,-8880.368050
5,-9108.477915
6,-9388.308612
7,-9574.480798
8,-9771.240663
9,-10002.925371
10,-10121.838913
