# Model,f
2,-9337.612961
3,-9096.603581
4,-8791.226942
5,-8648.653072
6,-8819.784684
7,-8945.449258
8,-9151.569781
9,-9316.394558
10,-9428.802111
