# Model,f
2,-10600.493154
3,-10334.875464
4,-10125.214262
5,-10149.325314
6,-9923.485330
7,-10056.046550
8,-10356.088026
9,-10590.660191
10,-10679.841478
