# Model,f
2,-9768.265022
3,-9295.556844
4,-9050.339442
5,-9177.522515
6,-9432.514363
7,-9587.139599
8,-9801.546607
9,-9939.729710
10,-10095.633903
