# Model,f
2,-8385.967563
3,-8294.778915
4,-8232.933992
5,-8287.100907
6,-8516.930801
7,-8726.661773
8,-8825.804370
9,-9059.708720
10,-9252.372671
