# Model,f
2,-10001.960787
3,-9891.227953
4,-9660.164408
5,-9857.290399
6,-10151.676983
7,-10324.724395
8,-10722.287807
9,-10811.017783
10,-11062.705967
