# Model,f
2,-8383.634127
3,-8294.569922
4,-8165.267591
5,-8286.749144
6,-8460.128410
7,-8706.356391
8,-8844.127421
9,-9060.322313
10,-9245.846137
