# Model,f
2,-11694.511448
3,-11361.911396
4,-10942.318747
5,-10594.994789
6,-10437.153253
7,-10342.470051
8,-10207.094372
9,-10396.248375
10,-10618.630802
