# Model,f
2,-9071.208389
3,-8893.093748
4,-9051.039037
5,-9279.035952
6,-9498.671337
7,-9712.152683
8,-9917.552993
9,-10180.477815
10,-10361.162790
