# Model,f
2,-8226.203377
3,-7246.201213
4,-7326.383420
5,-7489.355705
6,-7664.283015
7,-7834.645447
8,-7982.469143
9,-8123.187327
10,-8274.701971
