# Model,f
2,-8382.327385
3,-8314.003199
4,-8282.100024
5,-8375.086077
6,-8577.946291
7,-8733.550854
8,-8925.233805
9,-9102.038517
10,-9187.565496
