# Model,f
2,-9625.723054
3,-9204.090268
4,-8876.662547
5,-8965.415389
6,-9137.748489
7,-9486.450159
8,-9674.141168
9,-9660.577661
10,-9780.437916
