# Model,f
2,-10840.757797
3,-10082.912750
4,-9551.930352
5,-9326.669088
6,-9067.048197
7,-9125.897912
8,-9087.774368
9,-9232.682261
10,-9321.852056
