# Model,f
2,-11990.597496
3,-11420.075519
4,-10779.972761
5,-10375.326505
6,-10057.842872
7,-9907.961462
8,-9924.912284
9,-9958.924902
10,-9997.563869
