# Model,f
2,-12421.047559
3,-12114.736691
4,-11895.173488
5,-11512.010959
6,-11262.506411
7,-11050.358151
8,-11035.866341
9,-11109.333209
10,-11397.273643
