# Model,f
2,-11420.143836
3,-10770.879894
4,-10389.955950
5,-10084.419839
6,-9759.564389
7,-9777.889411
8,-9975.240822
9,-9867.739597
10,-10116.201775
