# Model,f
2,-10052.929002
3,-9622.012446
4,-9394.976218
5,-9295.053788
6,-9442.764374
7,-9537.048589
8,-9776.090141
9,-10001.381416
10,-10045.965237
