# Model,f
2,-8384.418209
3,-8308.951256
4,-8283.549837
5,-8418.457880
6,-8565.766739
7,-8768.672941
8,-8957.415134
9,-9087.908487
10,-9164.833823
