# Model,f
2,-9249.538428
3,-8718.733447
4,-8757.243582
5,-8844.925304
6,-9022.747527
7,-9221.740966
8,-9393.510484
9,-9483.667689
10,-9628.758192
