# Model,f
2,-10014.669089
3,-9804.472809
4,-9531.221989
5,-9293.116790
6,-9504.416919
7,-9711.048490
8,-9981.396465
9,-10236.962686
10,-10484.111804
