# Model,f
2,-8687.191290
3,-8507.481864
4,-8608.496527
5,-8817.397502
6,-9059.144826
7,-9207.717250
8,-9386.084374
9,-9550.450285
10,-9754.286930
