# Model,f
2,-9093.607560
3,-8896.139095
4,-9037.932808
5,-9267.471036
6,-9493.828574
7,-9807.497524
8,-10094.803199
9,-10186.450388
10,-10372.960115
