# Model,f
2,-8857.454784
3,-7761.223883
4,-7749.026018
5,-7829.186334
6,-8005.731605
7,-8152.598960
8,-8334.994087
9,-8465.874117
10,-8605.910362
