# Model,f
2,-8389.112675
3,-8294.137340
4,-8164.104405
5,-8274.217268
6,-8459.452438
7,-8707.368977
8,-8927.722012
9,-9025.021903
10,-9154.607086
