# Model,f
2,-9075.236596
3,-8891.415273
4,-9068.138637
5,-9279.223230
6,-9505.230096
7,-9705.746005
8,-10041.657008
9,-10149.632596
10,-10307.967755
