# Model,f
2,-9050.014310
3,-8661.914506
4,-8777.897012
5,-8978.077827
6,-9175.239250
7,-9408.897623
8,-9530.446303
9,-9686.896957
10,-9816.632687
