# Model,f
2,-8394.321126
3,-8298.401616
4,-8167.872391
5,-8348.059006
6,-8429.646025
7,-8758.417431
8,-8876.283001
9,-9037.286208
10,-9130.093566
