# Model,f
2,-9801.987106
3,-9512.380393
4,-9305.476428
5,-9472.010451
6,-9642.991395
7,-9844.250635
8,-10029.081547
9,-10327.011064
10,-10704.031505
