# Model,f
2,-11324.350528
3,-10582.653820
4,-9773.731213
5,-9444.744416
6,-9292.969587
7,-9248.847567
8,-9413.827644
9,-9511.438770
10,-9620.256960
