# Model,f
2,-9071.552613
3,-8895.383947
4,-9045.776154
5,-9292.831652
6,-9572.358263
7,-9826.178811
8,-9987.992306
9,-10093.160393
10,-10358.402224
