# Model,f
2,-8606.020750
3,-8304.061363
4,-8448.250244
5,-8651.995418
6,-8877.976739
7,-9046.558800
8,-9272.034840
9,-9462.691160
10,-9563.214516
