# Model,f
2,-11044.824302
3,-10455.541615
4,-10241.642278
5,-9953.991460
6,-9845.765001
7,-10029.383272
8,-10390.330802
9,-10550.420682
10,-10665.487815
