# Model,f
2,-9231.432530
3,-8211.026996
4,-7998.124935
5,-8075.861192
6,-8216.403891
7,-8412.739696
8,-8594.648923
9,-8700.482479
10,-8874.503026
