# Model,f
2,-8383.656005
3,-8316.996005
4,-8229.447396
5,-8276.122145
6,-8465.433014
7,-8719.044382
8,-8847.640184
9,-9018.979241
10,-9200.687279
