# Model,f
2,-11538.675369
3,-10500.455737
4,-9805.666836
5,-9674.381785
6,-9515.258506
7,-9410.235846
8,-9379.734248
9,-9644.471970
10,-9660.072630
