# Model,f
2,-10152.593101
3,-10092.965099
4,-9867.007198
5,-9822.435833
6,-9852.357573
7,-10089.382344
8,-10543.458215
9,-10463.488542
10,-10860.029216
