# Model,f
2,-9069.825149
3,-8891.265190
4,-9104.561354
5,-9281.705752
6,-9486.393581
7,-9718.559278
8,-9963.118433
9,-10158.299844
10,-10372.855978
