# Model,f
2,-9035.595602
3,-8846.025312
4,-9021.987955
5,-9250.205108
6,-9503.094462
7,-9830.612595
8,-9984.975369
9,-10166.540373
10,-10514.275159
