# Model,f
2,-11731.057525
3,-11382.159433
4,-10878.400261
5,-10711.713221
6,-10493.033331
7,-10319.274262
8,-10275.304492
9,-10624.914753
10,-10924.929404
