# Model,f
2,-12747.341668
3,-12122.699243
4,-11465.899449
5,-10835.000206
6,-10092.138696
7,-9873.594829
8,-9704.646426
9,-9590.261212
10,-9590.000463
