# Model,f
2,-8554.064898
3,-8471.489855
4,-8635.870556
5,-8807.425286
6,-9009.939385
7,-9233.866717
8,-9396.575435
9,-9653.093183
10,-9771.801545
