# Model,f
2,-9069.359753
3,-8891.562107
4,-9044.092331
5,-9280.417943
6,-9494.904522
7,-9815.857499
8,-10006.063224
9,-10204.815638
10,-10355.166944
