# Model,f
2,-10572.948128
3,-10401.061760
4,-10110.328452
5,-10026.167178
6,-10116.068146
7,-10558.160302
8,-10669.870371
9,-10992.409476
10,-11121.442964
