# Model,f
2,-10994.953213
3,-10465.065690
4,-9818.639085
5,-9195.540571
6,-8605.373621
7,-8567.758679
8,-8649.152069
9,-8761.204388
10,-8892.260150
