# Model,f
2,-10294.457774
3,-9683.731056
4,-9078.268895
5,-9035.712541
6,-9058.452464
7,-9275.938932
8,-9416.921172
9,-9601.982091
10,-9751.751252
