# Model,f
2,-10654.729606
3,-10301.617007
4,-9940.052390
5,-9522.980025
6,-9320.952565
7,-9392.455724
8,-9630.000456
9,-9730.944927
10,-10022.408112
