# Model,f
2,-11577.680183
3,-11388.526191
4,-11144.636963
5,-10807.515713
6,-10594.730116
7,-10877.200839
8,-11033.942281
9,-11326.868961
10,-11618.586396
