# Model,f
2,-12819.235446
3,-12303.227520
4,-11845.074480
5,-11438.455976
6,-10977.792041
7,-10600.709726
8,-10328.468015
9,-10293.853353
10,-10514.405814
