# Model,f
2,-11497.627724
3,-11322.897248
4,-11062.867381
5,-10822.699988
6,-10644.276006
7,-10837.417760
8,-11204.468117
9,-11202.020468
10,-11440.069943
