# Model,f
2,-12496.048935
3,-11747.721485
4,-11012.841457
5,-10725.776804
6,-10430.005270
7,-10101.926518
8,-10108.953770
9,-9834.508816
10,-9891.313272
