# Model,f
2,-11542.736814
3,-11338.084159
4,-11198.217616
5,-11025.229983
6,-10719.137546
7,-10195.103929
8,-9967.237728
9,-10424.286847
10,-10702.237213
