# Model,f
2,-9093.967595
3,-8892.667199
4,-9073.984129
5,-9307.176555
6,-9556.922846
7,-9813.027258
8,-10080.291035
9,-10157.188039
10,-10417.341237
