# Model,f
2,-8631.124987
3,-8490.953601
4,-8575.542992
5,-8763.623789
6,-9018.870049
7,-9152.642311
8,-9408.084648
9,-9489.568475
10,-9676.309688
