# Model,f
2,-11127.764553
3,-10362.670340
4,-9910.217592
5,-9713.880487
6,-9461.751188
7,-9381.912984
8,-9435.424468
9,-9387.999989
10,-9621.499786
