# Model,f
2,-10645.333473
3,-10334.905571
4,-9918.936470
5,-9657.471304
6,-9613.624742
7,-9772.869880
8,-9925.284255
9,-10103.386700
10,-10353.900405
