# Model,f
2,-8382.589096
3,-8297.461704
4,-8173.662582
5,-8279.684976
6,-8512.445604
7,-8706.119852
8,-8877.583562
9,-9082.164308
10,-9157.375587
