# Model,f
2,-8324.996261
3,-8227.868774
4,-8106.622107
5,-8252.430248
6,-8467.098701
7,-8664.703334
8,-8810.375269
9,-8979.749096
10,-9121.226388
