# Model,f
2,-10097.109484
3,-9787.784620
4,-9480.746927
5,-9192.053328
6,-9044.171160
7,-9116.775666
8,-9252.011045
9,-9475.486417
10,-9710.921179
