# Model,f
2,-12189.226154
3,-11700.887812
4,-11435.428579
5,-11205.234923
6,-11051.196285
7,-10932.537257
8,-10671.931865
9,-10644.269596
10,-11300.426238
