# Model,f
2,-13163.318951
3,-12738.910589
4,-12274.552765
5,-11898.074993
6,-11651.124387
7,-11130.637048
8,-10965.654968
9,-10863.841640
10,-11039.800613
