# Model,f
2,-11716.610968
3,-11154.675189
4,-10740.861711
5,-10386.703013
6,-9990.425780
7,-9934.616137
8,-10032.132725
9,-10270.813575
10,-10246.425529
