# Model,f
2,-9354.601697
3,-8819.071618
4,-8398.073379
5,-8308.383299
6,-8405.472865
7,-8608.514935
8,-8726.050436
9,-8936.998529
10,-9048.482573
