# Model,f
2,-11819.774933
3,-11457.930047
4,-11147.162671
5,-10877.519992
6,-10574.051286
7,-10498.097863
8,-10500.908746
9,-10632.138117
10,-11244.792852
