# Model,f
2,-9754.855263
3,-9537.465594
4,-9319.258110
5,-9498.560715
6,-9706.275759
7,-9864.913681
8,-10160.467893
9,-10294.480252
10,-10528.362057
