# Model,f
2,-8383.013346
3,-8301.674189
4,-8233.928538
5,-8268.222851
6,-8451.834491
7,-8740.175939
8,-8896.845562
9,-9035.528956
10,-9153.749946
