# Model,f
2,-10327.624029
3,-10160.923712
4,-9868.058614
5,-9834.144865
6,-9953.141938
7,-10115.532849
8,-10340.922643
9,-10600.702442
10,-10956.255587
