# Model,f
2,-10784.812889
3,-10546.073790
4,-10193.209707
5,-9924.330664
6,-10105.935726
7,-10327.669342
8,-10599.528010
9,-10858.940338
10,-11039.576316
