# Model,f
2,-9069.624082
3,-8893.555852
4,-9036.771940
5,-9262.712014
6,-9518.486198
7,-9767.571118
8,-9931.181453
9,-10189.444306
10,-10452.452412
