# Model,f
2,-9126.275418
3,-8996.089556
4,-9193.035341
5,-9427.294712
6,-9700.388033
7,-10005.401233
8,-10094.138476
9,-10358.634924
10,-10557.183464
