# Model,f
2,-11332.710383
3,-10607.954265
4,-9786.280924
5,-9206.433236
6,-8988.843370
7,-8924.120694
8,-9066.859922
9,-9197.248711
10,-9260.931964
