# Model,f
2,-12422.594016
3,-11886.249011
4,-11228.327818
5,-10668.864904
6,-10177.905859
7,-10050.952280
8,-9977.101902
9,-10039.871399
10,-10193.198728
