# Model,f
2,-8969.171066
3,-8909.874873
4,-9053.355013
5,-9268.161199
6,-9547.286948
7,-9721.396999
8,-9890.784526
9,-10077.100201
10,-10242.931625
