# Model,f
2,-9069.846121
3,-8891.037745
4,-9041.404687
5,-9289.657108
6,-9502.408031
7,-9726.193067
8,-9997.504694
9,-10078.180056
10,-10321.951687
