# Model,f
2,-12047.239085
3,-11394.459139
4,-11120.785773
5,-10664.497482
6,-10415.915350
7,-10260.909220
8,-9967.455384
9,-10367.195437
10,-10412.749051
