# Model,f
2,-9908.694461
3,-9609.623577
4,-9447.536485
5,-9283.864198
6,-9442.478311
7,-9861.883663
8,-9958.120904
9,-10179.577714
10,-10268.678841
