# Model,f
2,-9078.822703
3,-8896.030164
4,-9062.295784
5,-9272.329379
6,-9621.838368
7,-9701.249920
8,-9948.928416
9,-10145.136345
10,-10435.416070
