# Model,f
2,-8864.594403
3,-8789.194825
4,-8940.644073
5,-9144.499643
6,-9318.633823
7,-9562.858068
8,-9717.634635
9,-9924.653170
10,-10091.821376
