# Model,f
2,-9136.328289
3,-8469.289111
4,-8192.157755
5,-8115.483020
6,-8100.006977
7,-8254.661783
8,-8467.875653
9,-8615.350137
10,-8709.557534
