# Model,f
2,-12329.987055
3,-11768.546271
4,-11375.336587
5,-10972.924810
6,-10389.595647
7,-10171.172743
8,-9985.572531
9,-9928.218775
10,-10199.436644
