# Model,f
2,-9448.997455
3,-8707.447103
4,-8136.746494
5,-7987.222610
6,-8035.333774
7,-8157.318227
8,-8312.038295
9,-8463.472650
10,-8592.555494
