# Model,f
2,-12674.710169
3,-11917.502724
4,-11129.540259
5,-10584.753149
6,-10040.046696
7,-9539.517538
8,-9520.048529
9,-9220.798683
10,-9200.860011
