# Model,f
2,-8382.402131
3,-8299.511949
4,-8206.174074
5,-8338.666093
6,-8467.817850
7,-8752.775873
8,-8916.562820
9,-9084.674137
10,-9193.219208
