# Model,f
2,-9716.388817
3,-9452.981385
4,-9307.858197
5,-9460.732214
6,-9698.953156
7,-9859.061313
8,-10156.042575
9,-10406.318770
10,-10543.756868
