# Model,f
2,-8382.245651
3,-8312.182530
4,-8212.430672
5,-8372.902899
6,-8449.657383
7,-8672.239082
8,-8964.672761
9,-9047.517703
10,-9190.829213
