# Model,f
2,-9353.291296
3,-8375.221565
4,-8271.951985
5,-8312.650361
6,-8488.674780
7,-8629.393038
8,-8824.457682
9,-8919.237485
10,-9063.026062
