# Model,f
2,-12564.422353
3,-11641.193858
4,-11217.561078
5,-10909.834569
6,-10565.255849
7,-10272.362846
8,-10103.329767
9,-9986.040541
10,-10254.284727
