# Model,f
2,-9069.662879
3,-8891.439043
4,-9040.764108
5,-9258.723565
6,-9518.719455
7,-9768.428315
8,-10019.822416
9,-10186.237765
10,-10355.940763
