# Model,f
2,-8512.343288
3,-8393.574763
4,-8516.057979
5,-8714.761072
6,-8893.421528
7,-9091.714596
8,-9339.798831
9,-9463.328854
10,-9618.427242
