# Model,f
2,-10146.529206
3,-9710.392109
4,-9447.699802
5,-9352.515385
6,-9285.632404
7,-9379.097713
8,-9653.569792
9,-9743.293760
10,-9946.582843
