# Model,f
2,-12923.216248
3,-12725.174782
4,-12385.058574
5,-12134.094571
6,-11857.214037
7,-11587.856957
8,-11113.338103
9,-11743.856998
10,-11888.875715
