# Model,f
2,-7981.136175
3,-7851.609802
4,-7961.704292
5,-8143.045607
6,-8341.693536
7,-8569.310556
8,-8772.650443
9,-8858.670658
10,-9056.619887
