# Model,f
2,-9069.636125
3,-8906.529069
4,-9054.509246
5,-9321.418068
6,-9507.029469
7,-9842.253183
8,-9858.067140
9,-10086.997238
10,-10362.290761
