# Model,f
2,-8973.281923
3,-8865.081725
4,-8795.538181
5,-8915.699185
6,-9046.018271
7,-9242.671944
8,-9494.000908
9,-9681.670914
10,-9845.526840
