# Model,f
2,-8384.443862
3,-8317.194911
4,-8164.267172
5,-8265.898355
6,-8446.742208
7,-8778.655874
8,-8890.041565
9,-9071.401905
10,-9258.647305
