# Model,f
2,-9226.688405
3,-9069.183570
4,-8843.163043
5,-8907.301819
6,-9088.921827
7,-9266.072951
8,-9562.778635
9,-9552.291242
10,-9942.581947
