# Model,f
2,-8382.638543
3,-8309.055111
4,-8163.578909
5,-8352.451423
6,-8509.643793
7,-8736.362640
8,-8975.948033
9,-9069.159122
10,-9181.830364
