# Model,f
2,-11830.368199
3,-11290.821488
4,-10743.165787
5,-10532.865150
6,-10293.760162
7,-10121.098421
8,-9743.773759
9,-9913.014994
10,-10110.585277
