# Model,f
2,-12275.412390
3,-11322.342364
4,-10866.751030
5,-10441.503014
6,-9999.688690
7,-9551.939170
8,-9484.097161
9,-9155.470357
10,-9281.500719
