# Model,f
2,-10730.788249
3,-10315.284773
4,-9921.944678
5,-9589.090375
6,-9428.834638
7,-9571.317319
8,-9608.253194
9,-9889.452678
10,-10215.914697
