# Model,f
2,-11195.736733
3,-10261.426785
4,-9790.456763
5,-9322.768147
6,-8764.897066
7,-8745.158934
8,-8822.059933
9,-8971.532906
10,-9127.826511
