# Model,f
2,-10274.741147
3,-10019.579615
4,-9912.028870
5,-9675.015342
6,-9897.850995
7,-9939.775714
8,-10267.295998
9,-10422.733152
10,-10683.062511
