# Model,f
2,-10844.112334
3,-10211.924762
4,-9819.855503
5,-9379.468653
6,-9104.769879
7,-9101.514467
8,-9017.144727
9,-9135.921698
10,-9434.684608
