# Model,f
2,-11326.601991
3,-11042.007895
4,-10825.411044
5,-10559.804814
6,-10393.240407
7,-10549.982312
8,-10991.027710
9,-10999.805331
10,-11258.121455
