# Model,f
2,-12176.452455
3,-11613.721658
4,-10960.418917
5,-10564.347933
6,-10358.326236
7,-9977.947325
8,-9847.022502
9,-9855.583116
10,-10188.544803
