# Model,f
2,-8262.774186
3,-8033.033226
4,-7702.805894
5,-7792.002168
6,-7967.951093
7,-8114.775832
8,-8297.616156
9,-8406.144226
10,-8567.235034
