# Model,f
2,-8385.085841
3,-8301.499968
4,-8270.906332
5,-8394.079660
6,-8517.142827
7,-8749.876779
8,-8867.150026
9,-9081.488756
10,-9247.175851
