# Model,f
2,-11550.880121
3,-11303.462030
4,-11066.528910
5,-10669.525695
6,-10567.712488
7,-10550.478607
8,-10573.543050
9,-11060.433212
10,-11294.486381
