# Model,f
2,-11521.497956
3,-10779.507230
4,-9942.896436
5,-9778.249162
6,-9659.038815
7,-9565.959162
8,-9660.644153
9,-9894.670598
10,-9886.381620
