# Model,f
2,-10465.456942
3,-10041.311133
4,-9581.088267
5,-9519.703985
6,-9648.619423
7,-9813.380235
8,-10024.409369
9,-10147.623336
10,-10281.807580
