# Model,f
2,-10710.686268
3,-9738.601135
4,-9065.722330
5,-8971.795818
6,-8932.409671
7,-9036.601272
8,-9175.343695
9,-9268.734198
10,-9459.698820
