# Model,f
2,-11736.675674
3,-11363.241806
4,-10883.675699
5,-10495.950701
6,-10296.082744
7,-10157.889788
8,-10220.915002
9,-10212.090023
10,-10295.999603
