# Model,f
2,-12488.244235
3,-12068.179327
4,-11680.714521
5,-11375.133686
6,-11029.616251
7,-10568.260865
8,-10830.860433
9,-10834.561715
10,-11192.838030
