# Model,f
2,-9253.438290
3,-8769.900584
4,-8582.935062
5,-8720.225276
6,-8857.266876
7,-9030.343571
8,-9250.314904
9,-9382.132245
10,-9544.432562
