# Model,f
2,-8382.627654
3,-8305.181314
4,-8204.574382
5,-8322.407715
6,-8499.343380
7,-8726.483258
8,-8942.910956
9,-9041.814131
10,-9192.003310
