# Model,f
2,-9124.237608
3,-8983.526718
4,-9183.137688
5,-9407.350264
6,-9715.798988
7,-9913.539310
8,-10102.163131
9,-10468.597309
10,-10589.257463
