# Model,f
2,-9070.474090
3,-8893.081956
4,-9072.389836
5,-9301.405766
6,-9551.669310
7,-9763.760102
8,-10054.632243
9,-10120.257130
10,-10416.927840
