# Model,f
2,-8382.815860
3,-8302.329347
4,-8193.012499
5,-8278.237376
6,-8468.911384
7,-8776.806746
8,-8823.243502
9,-9056.564002
10,-9301.591888
