# Model,f
2,-9993.559851
3,-9798.722631
4,-9551.949582
5,-9721.551242
6,-9938.866157
7,-10175.591586
8,-10348.079853
9,-10756.427278
10,-10886.051321
