# Model,f
2,-9364.824569
3,-9104.901174
4,-8959.637785
5,-8762.286519
6,-8960.791745
7,-9052.605739
8,-9283.011119
9,-9410.178656
10,-9650.107462
