# Model,f
2,-11449.155577
3,-11190.083206
4,-10908.169348
5,-10644.068099
6,-10600.591895
7,-10603.713465
8,-10926.949617
9,-11187.757691
10,-11461.485456
