# Model,f
2,-10981.443793
3,-10729.446517
4,-10565.873773
5,-10307.540820
6,-10121.701465
7,-9812.657839
8,-9875.110069
9,-10068.333445
10,-10441.568483
