# Model,f
2,-11349.204890
3,-10676.847505
4,-9905.019709
5,-9558.321547
6,-9310.722569
7,-9185.017629
8,-9193.194026
9,-9359.844114
10,-9627.175799
