# Model,f
2,-9069.726214
3,-8943.929366
4,-9101.569564
5,-9282.936829
6,-9521.374316
7,-9827.344449
8,-9959.398586
9,-10152.124958
10,-10460.108503
