# Model,f
2,-8534.310399
3,-8064.942096
4,-8157.665021
5,-8330.487421
6,-8529.381229
7,-8683.727036
8,-8860.239383
9,-9022.427650
10,-9155.197464
