# Model,f
2,-9959.462107
3,-9227.665189
4,-9133.873546
5,-9054.846538
6,-9005.583477
7,-9341.908674
8,-9376.823966
9,-9564.649313
10,-9737.987262
