# Model,f
2,-11422.192371
3,-11248.752062
4,-10983.495252
5,-10823.181205
6,-10796.415088
7,-10792.293704
8,-11130.107385
9,-11391.977441
10,-11832.946649
