# Model,f
2,-10051.643347
3,-8988.967516
4,-8633.836753
5,-8574.816518
6,-8518.663962
7,-8583.070111
8,-8782.371064
9,-8897.995406
10,-9076.657879
