# Model,f
2,-13093.723297
3,-12719.889635
4,-12393.705415
5,-12180.086507
6,-11973.487843
7,-11702.331419
8,-11214.982012
9,-11611.291576
10,-11576.633284
