# Model,f
2,-11011.994567
3,-10596.155570
4,-10491.779243
5,-10292.263982
6,-10032.601889
7,-10005.988345
8,-10345.286739
9,-10569.089753
10,-10644.143480
