# Model,f
2,-9203.670194
3,-8001.627058
4,-7890.356169
5,-7822.927285
6,-7893.943112
7,-8126.317251
8,-8249.642751
9,-8467.649324
10,-8632.306183
