# Model,f
2,-12928.538349
3,-12371.340188
4,-11759.234899
5,-11418.935263
6,-11033.553062
7,-10794.524759
8,-10736.464665
9,-10797.943354
10,-10834.300745
