# Model,f
2,-11813.271311
3,-11489.659972
4,-11112.745539
5,-10603.285935
6,-10403.238499
7,-10332.873162
8,-10329.837650
9,-10512.078052
10,-11016.499585
