# Model,f
2,-8340.946651
3,-8000.408024
4,-7892.537438
5,-8006.285453
6,-8229.867067
7,-8342.019716
8,-8602.386781
9,-8755.219294
10,-8892.050579
