# Model,f
2,-8383.919399
3,-8312.903583
4,-8172.937979
5,-8332.982871
6,-8452.885759
7,-8756.793187
8,-8901.997542
9,-9007.693681
10,-9208.030284
