# Model,f
2,-9879.116910
3,-9575.054057
4,-9448.652437
5,-9599.718517
6,-9757.741956
7,-10042.525235
8,-10293.168507
9,-10320.923176
10,-10685.319738
