# Model,f
2,-8401.049117
3,-8321.815078
4,-8166.364713
5,-8302.180056
6,-8587.095148
7,-8865.950671
8,-8952.960010
9,-9098.876610
10,-9139.880176
