# Model,f
2,-11547.233153
3,-11145.855940
4,-10825.342661
5,-10461.009739
6,-10245.428833
7,-10248.542398
8,-10427.221377
9,-10693.202197
10,-10902.734923
