# Model,f
2,-12050.570043
3,-11310.723085
4,-10624.363937
5,-10222.128105
6,-9985.929448
7,-9712.542432
8,-9653.275792
9,-9697.893617
10,-9774.202455
