# Model,f
2,-8227.818612
3,-8038.911377
4,-8165.827734
5,-8376.755449
6,-8607.966935
7,-8728.260238
8,-8909.981717
9,-9043.807060
10,-9226.302270
