# Model,f
2,-9071.202140
3,-8891.204596
4,-9049.770004
5,-9280.171820
6,-9531.908516
7,-9737.287505
8,-9996.026435
9,-10194.329965
10,-10446.869329
