# Model,f
2,-10348.702136
3,-9940.212883
4,-9601.664086
5,-9337.107191
6,-9428.729470
7,-9628.041360
8,-9889.801595
9,-10106.088863
10,-10157.741779
