# Model,f
2,-8393.023304
3,-8304.132413
4,-8177.894788
5,-8381.026532
6,-8597.573508
7,-8776.610679
8,-8915.481793
9,-9043.761859
10,-9146.857269
