# Model,f
2,-8804.140623
3,-8644.168085
4,-8458.600292
5,-8567.968801
6,-8769.011972
7,-8971.776165
8,-9214.882069
9,-9264.785627
10,-9497.334370
