# Model,f
2,-12406.946471
3,-12044.921481
4,-11701.063965
5,-11514.450605
6,-11139.416061
7,-10748.780132
8,-10706.948182
9,-11306.148410
10,-11286.957164
