# Model,f
2,-8519.435897
3,-7805.030713
4,-7870.742472
5,-8049.407921
6,-8245.906752
7,-8414.666020
8,-8552.713326
9,-8718.567411
10,-8867.359143
