# Model,f
2,-9092.567902
3,-8892.913486
4,-9038.626198
5,-9403.666405
6,-9490.585972
7,-9753.439498
8,-10027.407214
9,-10197.156655
10,-10258.726540
