# Model,f
2,-10070.250869
3,-9837.121861
4,-9528.793047
5,-9341.361922
6,-9462.237654
7,-9621.650041
8,-9839.567926
9,-10093.130923
10,-10324.154735
