# Model,f
2,-9324.254137
3,-8125.647504
4,-7185.115837
5,-7096.780369
6,-7174.301633
7,-7312.657455
8,-7459.074874
9,-7570.035592
10,-7701.191244
