# Model,f
2,-10967.180252
3,-9866.495703
4,-8840.062557
5,-8605.324753
6,-8466.409594
7,-8323.549387
8,-8526.939897
9,-8726.558874
10,-8733.773013
