# Model,f
2,-11847.095218
3,-11298.443387
4,-10745.029980
5,-10468.348521
6,-9956.093259
7,-9902.562908
8,-9720.665337
9,-9874.083547
10,-9977.347266
