# Model,f
2,-12028.755904
3,-11377.449811
4,-10604.778646
5,-10195.343602
6,-9928.379002
7,-9718.501159
8,-9593.289432
9,-9743.863218
10,-10020.214145
