# Model,f
2,-10216.097342
3,-9742.429260
4,-9306.553433
5,-8930.494367
6,-8994.799470
7,-9120.728215
8,-9298.605263
9,-9411.897268
10,-9551.795989
