# Model,f
2,-12643.117399
3,-12463.673342
4,-12265.971973
5,-11957.102196
6,-11670.490110
7,-11238.071924
8,-11129.465162
9,-11704.176047
10,-11647.125109
