# Model,f
2,-12170.358293
3,-11961.709589
4,-11674.597184
5,-11260.786348
6,-11010.272307
7,-11007.619660
8,-11156.623062
9,-11253.512288
10,-11718.290858
