# Model,f
2,-11146.593522
3,-10944.342616
4,-10744.184633
5,-10448.094221
6,-10240.360233
7,-10396.883532
8,-10739.941060
9,-10923.883975
10,-11331.630920
