# Model,f
2,-9999.862936
3,-9339.285115
4,-8916.249070
5,-8799.574277
6,-9007.753329
7,-9123.107226
8,-9357.001135
9,-9742.268263
10,-9808.781557
