# Model,f
2,-10689.107744
3,-10521.675731
4,-10193.347024
5,-10036.308459
6,-10180.579580
7,-10600.049216
8,-10801.179320
9,-11124.081610
10,-11375.005478
