# Model,f
2,-8384.084740
3,-8326.677051
4,-8178.589831
5,-8286.006637
6,-8535.923560
7,-8708.262601
8,-8908.897009
9,-9068.653118
10,-9203.324986
