# Model,f
2,-9600.687696
3,-9442.653445
4,-9273.487855
5,-9383.637707
6,-9566.558194
7,-9904.558118
8,-10036.156484
9,-10219.344007
10,-10343.142284
