# Model,f
2,-8359.591314
3,-8222.603294
4,-8376.510969
5,-8559.028073
6,-8780.684372
7,-8926.696180
8,-9113.548582
9,-9254.559126
10,-9460.339541
