# Model,f
2,-9069.068530
3,-8942.829431
4,-9094.303510
5,-9308.294324
6,-9551.680249
7,-9776.791090
8,-9972.103840
9,-10136.384406
10,-10404.961174
