# Model,f
2,-9919.247963
3,-9357.115425
4,-8710.861523
5,-8490.500809
6,-8571.859784
7,-8705.640082
8,-8843.573269
9,-9029.725959
10,-9160.529401
