# Model,f
2,-10575.672040
3,-9895.204469
4,-9547.697269
5,-9324.466913
6,-9166.817177
7,-9418.975180
8,-9578.188645
9,-9708.958903
10,-10103.033347
