# Model,f
2,-12947.027549
3,-12615.595526
4,-12250.179889
5,-11886.613448
6,-11342.579156
7,-11146.777738
8,-10938.579710
9,-10431.068200
10,-11028.997650
