# Model,f
2,-8385.055138
3,-8298.698063
4,-8237.555239
5,-8379.186963
6,-8539.787690
7,-8780.523974
8,-8930.210448
9,-9036.524168
10,-9204.881367
