# Model,f
2,-9001.833693
3,-8450.853106
4,-7982.337836
5,-7990.113752
6,-8141.336247
7,-8290.268869
8,-8494.219228
9,-8669.637663
10,-8786.672092
