# Model,f
2,-10689.462868
3,-10354.851535
4,-10092.404905
5,-9751.582182
6,-9886.496030
7,-10024.250081
8,-10364.014996
9,-10389.293468
10,-10731.754965
