# Model,f
2,-13110.418966
3,-12555.325361
4,-12094.422808
5,-11690.025208
6,-11225.331906
7,-10610.545950
8,-9995.424805
9,-9898.684164
10,-9831.732288
