# Model,f
2,-9114.038202
3,-9004.614556
4,-9191.412043
5,-9419.599864
6,-9685.044663
7,-9927.791639
8,-10137.276704
9,-10407.683308
10,-10478.155463
