# Model,f
2,-9070.375207
3,-8894.923908
4,-9041.160911
5,-9292.615630
6,-9491.910477
7,-9757.606883
8,-10023.905327
9,-10085.431876
10,-10280.484221
