# Model,f
2,-12680.805959
3,-12134.583528
4,-11600.846891
5,-11267.291887
6,-10798.916162
7,-10504.723000
8,-10141.160483
9,-10176.491026
10,-10070.651855
