# Model,f
2,-11322.146994
3,-10984.777707
4,-10576.346655
5,-10234.202029
6,-10038.165265
7,-10286.306079
8,-10489.525395
9,-10709.756797
10,-10792.193493
