# Model,f
2,-10190.159376
3,-10012.326756
4,-9822.539703
5,-9583.784278
6,-9415.615219
7,-9617.290748
8,-9734.080436
9,-9834.051712
10,-10276.196799
