# Model,f
2,-11453.992293
3,-11148.786704
4,-10779.377371
5,-10510.752869
6,-10395.612969
7,-10514.599043
8,-10931.400165
9,-11043.576808
10,-11080.353114
