# Model,f
2,-8382.320707
3,-8300.728037
4,-8179.364756
5,-8265.116073
6,-8513.226517
7,-8642.520702
8,-8865.168186
9,-9022.392890
10,-9173.550642
