# Model,f
2,-9866.251351
3,-9578.655513
4,-9380.693717
5,-9522.491861
6,-9705.341429
7,-9909.375548
8,-10151.338379
9,-10384.879540
10,-10562.257745
