# Model,f
2,-12632.852261
3,-12218.148620
4,-11768.840952
5,-11538.805417
6,-11098.024516
7,-10855.786534
8,-10561.551290
9,-10161.351590
10,-10796.085138
