# Model,f
2,-9935.896539
3,-9755.788036
4,-9558.455939
5,-9346.343557
6,-9485.345703
7,-9655.357967
8,-9959.914971
9,-10141.723177
10,-10301.934615
