# Model,f
2,-9288.814753
3,-8540.779591
4,-8423.968357
5,-8267.213035
6,-8292.162656
7,-8508.309201
8,-8644.845291
9,-8843.322219
10,-8908.255755
