# Model,f
2,-8382.881822
3,-8311.833964
4,-8249.005196
5,-8277.917330
6,-8568.710796
7,-8723.128993
8,-8889.992838
9,-9124.386659
10,-9285.880287
