# Model,f
2,-8472.356182
3,-7960.946043
4,-7796.350854
5,-7894.975790
6,-8079.762220
7,-8338.033129
8,-8435.626788
9,-8653.831179
10,-8743.560758
