# Model,f
2,-12304.548280
3,-11534.083929
4,-10890.446333
5,-10303.555123
6,-10097.059948
7,-9834.337058
8,-9693.746236
9,-9791.565791
10,-9854.575613
