# Model,f
2,-8382.899060
3,-8333.691330
4,-8192.188962
5,-8262.689089
6,-8564.850282
7,-8748.061706
8,-9030.174607
9,-9055.618245
10,-9253.694181
