# Model,f
2,-8957.905282
3,-8591.963375
4,-8556.334042
5,-8647.662055
6,-8849.663083
7,-8952.695372
8,-9215.836779
9,-9360.808153
10,-9455.728044
