# Model,f
2,-9091.171150
3,-8891.414635
4,-9050.565756
5,-9260.965607
6,-9658.552261
7,-9695.605565
8,-10054.619729
9,-10200.426374
10,-10495.900861
