# Model,f
2,-7264.406342
3,-7236.268401
4,-7370.052515
5,-7531.508406
6,-7744.927254
7,-7961.175975
8,-8123.832600
9,-8257.623878
10,-8411.866674
