# Model,f
2,-9077.477760
3,-8891.672320
4,-9045.305644
5,-9276.219098
6,-9499.198558
7,-9811.650682
8,-10005.566390
9,-10155.588935
10,-10396.428673
