# Model,f
2,-8286.087066
3,-8258.312658
4,-8497.139136
5,-8570.228492
6,-8879.243604
7,-9060.398796
8,-9208.703156
9,-9341.527408
10,-9507.037112
