# Model,f
2,-10720.569403
3,-10511.184734
4,-10283.186901
5,-10069.108977
6,-10226.630644
7,-10471.015192
8,-10702.284623
9,-11166.238912
10,-11182.320188
