# Model,f
2,-11692.229590
3,-11277.962572
4,-11045.264150
5,-10668.749681
6,-10340.255085
7,-10054.554175
8,-9794.383937
9,-10025.306949
10,-9856.602695
