# Model,f
2,-12218.458325
3,-12143.799870
4,-12065.005659
5,-11925.965985
6,-11666.989912
7,-11358.629800
8,-11295.593503
9,-11420.360437
10,-11580.696482
