# Model,f
2,-10620.496682
3,-10282.038065
4,-9838.047603
5,-9241.630104
6,-9237.565736
7,-9320.210205
8,-9471.815440
9,-9647.133924
10,-9806.448481
