# Model,f
2,-8716.230320
3,-8562.496428
4,-8468.227664
5,-8695.044741
6,-8794.320045
7,-9055.286842
8,-9219.341894
9,-9380.079402
10,-9538.063165
