# Model,f
2,-8383.741472
3,-8306.094776
4,-8232.530972
5,-8346.193663
6,-8572.460670
7,-8689.405040
8,-8900.365458
9,-9011.986720
10,-9262.450167
