# Model,f
2,-9556.400081
3,-9244.347758
4,-9092.621452
5,-9220.699405
6,-9410.453581
7,-9578.702323
8,-9857.418852
9,-10004.113967
10,-10153.536576
