# Model,f
2,-8389.110261
3,-8294.574416
4,-8172.670231
5,-8366.639076
6,-8471.896103
7,-8751.579633
8,-8858.484677
9,-9061.247980
10,-9227.865655
