# Model,f
2,-10616.172489
3,-9508.270743
4,-9033.220726
5,-8915.285071
6,-8705.513545
7,-8619.691249
8,-8885.533767
9,-9022.937317
10,-9301.145475
