# Model,f
2,-11297.215660
3,-10543.403465
4,-9757.016252
5,-9551.141864
6,-9378.073248
7,-9183.899044
8,-9353.072427
9,-9455.599310
10,-9674.717927
