# Model,f
2,-11847.074575
3,-11484.697812
4,-10970.140111
5,-10578.824688
6,-9944.240868
7,-9739.260771
8,-9985.448900
9,-10038.783893
10,-10352.590316
