# Model,f
2,-9588.361044
3,-9403.989489
4,-9294.204390
5,-9456.388925
6,-9689.123326
7,-9937.561517
8,-10344.890428
9,-10216.785890
10,-10495.569589
