# Model,f
2,-8392.677725
3,-8302.546870
4,-8162.840663
5,-8301.207842
6,-8562.015284
7,-8745.700653
8,-8857.785977
9,-9110.790418
10,-9161.914072
