# Model,f
2,-8475.972971
3,-7699.856879
4,-7767.381066
5,-7919.776658
6,-8125.267582
7,-8276.294218
8,-8473.471028
9,-8576.418813
10,-8753.331791
