# Model,f
2,-9069.987712
3,-8907.213342
4,-9056.947939
5,-9328.793805
6,-9561.711091
7,-9718.405749
8,-10125.213110
9,-10117.626392
10,-10400.896933
