# Model,f
2,-10612.710003
3,-10228.812459
4,-9820.577307
5,-9663.500350
6,-9770.221628
7,-10064.405529
8,-10250.633627
9,-10388.627058
10,-10535.715300
