# Model,f
2,-9733.422006
3,-9214.894876
4,-8953.383024
5,-8898.402049
6,-9010.480467
7,-9233.343390
8,-9350.276731
9,-9588.798918
10,-9692.123410
