# Model,f
2,-10418.462932
3,-9841.283243
4,-9276.207094
5,-9257.604211
6,-9325.457812
7,-9470.969635
8,-9642.059567
9,-9791.115695
10,-9913.078200
