# Model,f
2,-9924.803754
3,-9694.130398
4,-9414.290325
5,-9566.865113
6,-9784.966945
7,-10026.209039
8,-10257.368384
9,-10502.506761
10,-10731.699613
