# Model,f
2,-8384.686167
3,-8301.897471
4,-8190.421725
5,-8262.950827
6,-8454.114596
7,-8749.213728
8,-8867.252457
9,-9067.400294
10,-9198.666758
