# Model,f
2,-9069.041836
3,-8893.321697
4,-9075.628716
5,-9275.231743
6,-9664.055498
7,-9811.573088
8,-9988.353762
9,-10118.209914
10,-10354.593720
