# Model,f
2,-8299.699581
3,-8238.238265
4,-8393.684483
5,-8591.061927
6,-8782.164597
7,-8975.074030
8,-9154.072821
9,-9302.227073
10,-9497.475913
