# Model,f
2,-12964.624831
3,-12537.669073
4,-12161.370343
5,-11872.030081
6,-11586.411342
7,-11084.223380
8,-11049.080552
9,-10778.693714
10,-10824.645037
