# Model,f
2,-12314.378391
3,-11375.298498
4,-10454.043767
5,-9967.899068
6,-9620.758985
7,-9096.066868
8,-8843.330966
9,-8683.938736
10,-8827.798742
