# Model,f
2,-10492.924975
3,-10264.301496
4,-9888.175207
5,-9778.763642
6,-9892.568780
7,-10127.162121
8,-10220.632427
9,-10389.245237
10,-10645.721941
