# Model,f
2,-9990.797144
3,-9821.103903
4,-9586.924521
5,-9386.272876
6,-9251.357896
7,-9406.895508
8,-9734.837152
9,-9814.546141
10,-10067.514035
