# Model,f
2,-12368.393240
3,-11643.260126
4,-10942.011785
5,-10248.600956
6,-10080.876861
7,-9915.519646
8,-9744.769104
9,-9525.288199
10,-9640.334834
