# Model,f
2,-10721.936426
3,-10514.403133
4,-10385.038988
5,-10094.952885
6,-10264.527178
7,-10555.843545
8,-10787.909707
9,-11000.936551
10,-11501.472357
