# Model,f
2,-12726.396288
3,-12488.059217
4,-12254.253263
5,-11932.806557
6,-11571.129570
7,-11289.065342
8,-11041.380519
9,-11392.388730
10,-11819.253705
