# Model,f
2,-11317.960597
3,-10625.853409
4,-10251.917872
5,-10106.283628
6,-9888.281481
7,-9646.091344
8,-9892.277927
9,-10235.369937
10,-10347.633428
