# Model,f
2,-12197.345909
3,-11441.022233
4,-10708.757883
5,-9871.531602
6,-9291.855605
7,-9070.645679
8,-8966.082170
9,-8797.803092
10,-8860.170670
