# Model,f
2,-11982.045494
3,-11526.854043
4,-11232.678756
5,-10964.065584
6,-10635.099689
7,-10280.135626
8,-10576.074418
9,-10588.112197
10,-10758.737093
